attendance,study_hours,previous_marks,assignment_completion,sleep_hours,participation,backlogs,performance
68.72700594236812,2.2959305018703375,50.70234102415436,80.36217965253388,6.859979391417964,57.55448641942095,0,71.14430262122944
97.53571532049581,4.793306631648507,49.81872794431999,87.80088383148234,8.02716164649993,63.1404961562515,0,93.91498903013688
86.59969709057026,7.110620851134858,89.3752748312622,55.02807392754994,7.800804648950795,89.81831752415262,2,100.0
79.93292420985183,6.125574204866928,49.972771990970365,77.49244597641993,4.769499523468868,53.80030702419245,0,88.44266563353985
57.80093202212183,6.645928035030148,51.316983567717855,74.30475898862491,4.746247348707369,90.875477936852,0,91.21869531495187
57.79972601681013,5.611483566975021,80.56389574507782,89.96982260729627,5.340871838724567,36.1694101683684,2,88.1122083760661
52.90418060840997,5.845935951624967,61.984390547032405,94.36522362887564,5.805373631705186,84.37589060460415,3,84.78685525907159
93.30880728874675,6.944369560957235,81.60263341731087,40.72940628864321,6.042277907042413,89.32833431383155,3,97.3519560470209
80.05575058716045,2.7476760620143015,38.92196945386311,80.44119514352755,7.398486084166726,42.72723569861371,0,67.81532677314705
85.40362888980228,4.425974745501984,64.25427162040306,43.11014794718374,4.283402160829177,60.12425726605403,0,79.68331632942964
51.029224714790125,2.5484660927372156,37.016816010996955,72.93151990464136,4.173363521130332,41.584984226455894,2,52.93669630455047
98.49549260809971,7.913676055976529,38.75919220732127,57.25796374262069,5.959552814719546,79.46228902959524,2,95.53608914120203
91.62213204002109,7.608415377806293,89.38624720066466,58.40659597132847,7.485818460689902,67.47434376431598,3,100.0
60.61695553391381,1.2759876795795413,43.354722267055706,61.177510207141395,4.967176714782413,74.47263426958247,1,53.09087174772552
59.09124836035503,5.939026207609819,66.94524093651303,77.27754694297661,7.207522406281258,43.75408768693478,0,90.2567365879257
59.17022549267169,7.4767382219096605,59.66573615604239,60.042997940126156,5.299140689701497,44.82221034366937,1,89.81365085935825
65.21211214797688,2.2640274158913347,55.84059957553056,83.96194303541682,8.430430544067582,32.904812785693444,1,73.96201636850087
76.2378215816119,4.975616613868406,88.99000074123634,64.27164313443218,8.478449721333082,52.54472746370108,2,91.4523859453616
71.5972509321058,7.408418083116293,36.30940380652937,44.101192018597516,5.486436021406632,69.18212629335724,0,89.48451215978119
64.5614570099021,1.237621850100592,74.82738117053535,87.02559054904643,5.149968769816203,90.05544397981302,0,74.27837495110843
80.59264473611897,5.881941870727879,92.80366605281303,57.14549947556236,6.056519860331156,76.68492132210764,2,95.34983755942721
56.97469303260209,3.0814430516078555,68.61009100771051,65.96601277595576,5.202657925900743,60.4777426379826,1,70.09902050941206
64.6072324267609,7.470773367635712,91.20934772198551,81.12663299331409,7.361919216458518,96.71840800758964,2,100.0
68.31809216468459,7.797407716157574,38.13547275716142,59.94736942892272,8.130323422741426,80.34716404030823,3,89.3555009550865
72.8034992108518,7.609865423794037,60.12759914444968,43.39513936880294,7.365460654556085,95.1115642003785,0,100.0
89.25879806965068,4.319499516602246,50.60946745772307,62.43526282076881,8.121752236246747,66.9311581290516,3,75.37733321378029
59.98368910791799,7.034298556925194,78.84925789884379,96.66691496165821,5.984960811037371,48.123299235519774,2,97.65960187182809
75.71172192068059,6.911845789745493,93.8778254298348,78.50406383791349,4.781584853544304,33.69786804553054,0,100.0
79.62072844310212,3.233703312702789,50.39180374665487,80.28874892003242,7.689754736987961,80.82593960386953,3,71.10775818753264
52.32252063599989,6.8024083190547415,74.25047608844446,77.9369292182584,5.802372525707769,38.491209860387386,3,84.86349255809515
80.37724259507192,1.2590534430084483,46.88585796558441,51.93952833756621,7.356354126145662,51.1942589790377,1,61.47159396278307
58.526206184364575,5.1738891493743715,68.9198152742966,65.1000318461368,5.353219709908828,67.27296355187282,0,94.20389278313948
53.25257964926398,2.6100618610139215,62.83594920130017,85.0563879017991,4.406148174033364,69.50916114458234,3,61.520843196057676
97.44427686266667,1.8439682004409517,93.32031977789222,46.08237385318955,8.962908977438817,72.04082378909952,3,76.35651253141772
98.28160165372796,1.538672411404464,71.51163636178799,56.671166565382734,4.781007539652997,41.63787312447904,1,68.84868282534877
90.41986740582306,5.8740214311469785,55.97038232520913,56.579146507951215,8.942104969817406,56.58161833751541,3,81.05051897140216
65.23068845866854,3.379124746376463,41.845747093276,65.92113565567035,8.886399662832236,73.20359589818767,3,68.20094446761982
54.883605700319194,6.07336740070133,44.07480972409607,98.8221244565311,7.969090519540198,97.88732052436494,3,86.16430866768134
84.21165132560785,1.4574943855925966,48.519015797074104,44.05015280102931,7.297114810409988,80.93417963897821,1,67.36447858591461
72.00762468698007,3.2070323648142725,50.05799968041788,71.12205966283571,6.889035251255423,94.58226299657704,3,73.27955916547019
56.10191174223894,4.7764390466273605,86.03696347046827,50.76188092073263,8.330507726889174,83.35484408199238,3,83.0137397660894
74.75884550556351,6.535062153872745,68.6733672969515,98.24059272458464,5.44719760809744,71.42018782246802,0,100.0
51.71942605576092,3.231267520524489,66.40345468246198,46.798210283647855,6.338406062424385,43.44163583954412,0,68.16360397803157
95.4660201039391,5.381239635059064,41.88613231215305,64.21606014169548,7.096949846832509,76.66799563247591,1,83.6741625034729
62.93899908000085,7.20184423765331,86.6083816009661,84.27309909007637,6.055952379347455,73.63656961719349,2,100.0
83.1261142176991,5.311042317276132,78.36885819250902,82.27326568164672,6.13743227045134,72.17284193200865,0,94.70347382823395
65.58555380447055,2.6307163232754363,39.0601017140001,65.36371821363593,5.651423337510423,64.28501075917686,1,61.28074767273964
76.00340105889055,1.170805470895766,77.47010583378612,60.79145007716309,6.82115908342268,67.0059622792493,3,61.77184934303982
77.33551396716399,7.090692117306509,67.61229304055877,63.85674271317224,8.25287264007558,53.410976898267286,3,95.27865522795747
59.24272277627635,1.1488858759527099,39.9035207448067,55.85657578951836,5.0076418900315645,66.35188848496122,1,56.997279453247295
98.47923138822793,7.122911708789395,62.498038491719385,52.31997632240799,8.672165193767206,43.82891339749348,3,90.73027059634335
88.75664116805572,4.702559938190484,64.08177722780282,68.9823818535334,7.445438268741148,86.36220781522638,3,79.80406024124665
96.97494707820945,7.573473889590273,44.94647240979654,56.112025364056436,8.11636606340015,43.004386828909546,2,93.32161454478175
94.74136752138244,6.591482650415657,91.74188882001694,57.247699893835005,6.780953463150058,35.94764029226265,3,96.21917272983478
79.89499894055426,7.985538773733362,85.99852228883972,79.40536380847342,7.897583507120317,60.537221845001014,0,100.0
96.09371175115584,3.454982708161971,75.1413402397465,98.11223990199353,4.081001986697336,76.08152076542433,3,79.18408845249809
54.424625102595975,6.370318022517888,62.73773366003643,76.21823203356251,8.091902123897675,60.6401777453479,1,91.63647416200779
59.79914312095726,3.813516395264695,59.70593249507051,44.61876802389798,4.200694295426833,49.3727892365916,2,64.07320429875541
52.2613644455269,4.359129342127362,74.05840802905725,44.53501683124402,8.449566881814313,69.07198287233085,3,79.0733192619422
66.26651653816322,5.392538242528591,67.72591216441432,97.08539325073396,8.959813736193215,54.290163478854,1,89.58007466652697
69.4338644844741,7.115739799304372,38.73638635291314,57.83744741844002,5.470337310883889,95.30073830886431,0,89.12593504761647
63.567451588694794,7.8885842843950655,65.75015892621991,45.52401916494853,5.051592781428968,94.58515977225005,3,89.91319021422866
91.43687545759647,6.377913897051627,83.38421703397037,75.9426752290229,7.826816819290204,65.16602739804668,2,99.99991903587484
67.83766633467947,3.924367475171336,62.55439265581748,77.41892669741597,5.2651317046012664,52.95187958127809,3,75.58748770678247
64.04672548436903,3.9494990159394914,38.117394653256106,78.91028920712128,8.327811915861018,81.59926897696474,1,75.7379230423486
77.13480415791243,6.1630761111222405,82.17669196304199,56.04412167145248,4.5142129607873835,32.56990604381466,2,85.46350569175854
57.04621124873813,2.6714400203781166,47.08182692815846,40.9066410528685,4.629775981896791,63.233830423055586,3,53.27798788464204
90.10984903770199,1.7733187919197626,50.51725009328233,97.9009221672683,8.895757775503078,53.54263759892335,0,78.10080206470695
53.727532183988544,3.482355103485436,44.882381205937754,55.05358274146615,7.369194491350023,94.43751195717883,2,62.52245476223082
99.34434683002587,3.010672941578572,54.81290389228985,80.56157728315284,8.234436122144764,30.840211909087778,0,81.71727168850661
88.61223846483287,3.074156843191931,80.4050903413181,82.39779219272258,5.62164688675759,68.69704130028444,1,87.77574741155478
59.93578407670862,2.6352542573493696,66.16315157023624,76.60044502476914,7.3824187476030225,81.84645067466383,3,69.44123750919184
50.27610585618012,1.2946523274545332,47.29287644904275,58.77444365281889,6.971209136542986,63.951259126682885,0,57.33075357252167
90.77307142274171,1.1251175431338967,87.66980468912246,56.265775225843946,7.015750600614735,35.97821211139052,1,75.92734873170784
85.34286719238085,7.914056728152221,87.77491129709175,75.86009696216219,7.412662297688608,98.07229730195316,3,100.0
86.45035840204937,3.994411936151036,87.23470550276042,91.9657380167015,6.876795865645493,66.26073019632685,1,93.07658602447142
88.56351733429729,3.690286530117772,49.32777268289236,96.80402373540373,6.14531184651333,72.99303710233079,0,85.52136715487624
53.70223258670452,5.757530978851489,62.07436065085929,46.35434826422546,5.379613471902735,46.56268478952551,1,79.83130789810434
67.92328642721363,2.5277772150554494,94.0993793684525,49.28971675586319,7.8429066545660095,63.844865957476266,2,85.06225518471248
55.79345297625649,7.649728287651577,81.32074857859942,96.68417552698477,5.131362150015931,60.040464437082534,3,98.0546620028491
93.15517129377967,6.504415100908864,36.63004527353359,84.19211370008756,7.4617715307720704,35.24270894013886,1,93.6982742550965
81.1649063413779,1.6258770161858167,38.91227547562952,92.97962948978639,5.166664113246633,37.431224748322705,0,62.54154551972345
66.54490124263246,3.9230654304944985,62.835882608739965,52.15795804812059,7.12665084977227,88.62307637331422,3,70.63677090980661
53.177917514301186,7.153828152935153,89.55321235169362,75.25515226656411,7.7353913356451445,46.78739665446132,2,98.8954771986225
65.54911608578311,7.613124156039872,67.32210787716285,82.06837566504842,5.093569444532696,43.647079004904136,3,89.5556892455967
66.25916610133736,4.271810578749088,64.86875048205741,80.80671312681835,4.2997165043065415,65.34380158750974,2,72.09079317092318
86.4803089169032,5.293879724474954,41.32842199739783,64.48910145200189,4.6548687149708705,83.81229919537591,3,74.00243598254235
81.87787356776066,2.1692376226445265,74.40680628345764,40.92369350147851,7.029984836355127,34.33625630052916,1,71.3739068449544
94.36063712881634,7.938180382958835,84.32618963601354,74.9755634082558,8.247232031128679,70.37655437467791,1,100.0
73.61074625809746,2.621701909684104,57.825200450453735,55.186092350776526,4.224984106177121,38.344730998840134,0,67.25343766018369
55.97971229691508,7.599122418945879,81.53671105551965,67.01525476857341,7.670756295208231,32.55227355779329,2,97.17449022266243
85.66223936114974,5.54752654294658,92.8685992340487,97.45486090502904,5.70659322975026,33.692076651355215,0,100.0
88.03925243084487,5.254157564152014,47.22598754766135,63.94211905854608,6.392641849597613,88.39148757459088,1,84.72048300671713
78.06385987847482,4.58881957711556,66.39977787168448,90.3880963998656,8.644297749227828,38.258073853964305,2,83.5525663726284
88.54835899772806,2.614688682024311,52.22827748507453,51.31243634495507,5.659857523679227,33.16059550886044,0,74.13856362273256
74.68977981821953,2.235696224038558,82.57126514203037,80.34762988150173,6.32668466969743,60.65299210000386,0,81.6989807519242
76.1366414690997,2.5434034634912273,69.65560195286946,98.6204172663366,4.0684120738034055,89.07954303594173,0,80.00430807090382
71.37705091792748,2.3050678350097815,73.07494505301823,46.113586052376206,4.4079936000241915,48.368586354251136,0,65.50674037351243
51.27095633720476,6.457091314967273,82.87484957695364,40.49919653363152,5.29295795567392,59.519883226814144,0,98.82186013642072
55.39457134966522,3.4508768141671107,58.75822835974729,66.01496755795687,4.139261204105372,32.79457727946259,2,58.201008021874635
51.57145928433671,1.4048987359437746,89.90540410442259,45.55752898308203,7.156876630241255,61.43549598944131,0,70.31479519798373
81.82052056318902,7.78371841098568,66.9817320347684,84.90306098057388,6.131991784008113,70.43291564459935,2,100.0
65.71779905381634,7.18650119474398,44.47728937012088,94.87291983091353,6.74072601364011,69.96349376265013,0,98.92863087093451
75.42853455823514,7.494265982366491,76.75394709012815,66.04125836252553,4.873235929481647,53.26986845220556,1,100.0
95.37832369630465,7.964354758525047,82.59568102629527,55.52269852932646,5.479660147183081,52.08732264641949,1,100.0
62.464611457443745,2.217266744536411,54.0057006240516,66.06419914039658,7.3191223742636256,37.46365332556185,0,69.59367911991134
70.51914615178148,3.773694132318611,86.43075541992518,83.40686907100006,8.826513618152,55.675882445238784,3,82.46507995950478
87.77755692715243,6.307669329928639,89.36859528594599,40.54324969482226,4.252083868011046,36.96462682110753,1,90.4157191178483
61.43990827458112,5.872144326376546,51.614269242668534,75.36723936908183,8.45192160427633,83.66171612984361,2,88.63158190404046
53.84899549143965,2.0772713443789854,94.01128836291332,76.79750109324274,6.884406006556042,97.63920084237301,0,90.61657771491012
64.4875726456884,6.710831874934325,43.442691682925506,78.26129481375614,6.8195978337781185,97.90521196666948,2,84.45997605970067
58.06106436270022,2.5710840028566246,47.1209401041494,54.52132479885263,6.501392676038802,90.55497695627757,3,63.44812620127692
96.48488261712865,2.5667233037583617,46.053490354281564,82.84316340268761,4.346970429520917,72.05545045377335,0,74.81234367196357
90.40601897822086,4.758820960253895,88.63938260047223,45.483489179906584,4.449384258680803,79.06059880707159,1,91.60796675779851
81.67018782552117,5.150579543891922,74.2575531394977,51.95622018800805,7.004560028295431,49.96440618762898,2,84.85721078006033
93.57302950938589,5.060603454864678,44.12625699333637,92.64820279926892,5.704792857177791,74.15392941208344,1,84.45041145927676
90.18360384495573,1.640407861784284,61.41940510210094,84.32338904359398,8.586340332888403,61.89546846079142,1,79.9279358151419
59.32850294430179,7.142226038412662,71.91788150418813,40.824733240680715,6.032952686797361,63.74121378438527,0,95.67922505163233
94.62794992449889,2.8592002981209426,40.007845099362996,54.90257562218801,4.716407293513205,83.04435922626107,2,68.11275275551328
76.96711209578254,1.9066044489796292,87.94498210444033,52.864388979589876,7.57359416751018,49.73428489180762,3,70.32030056039045
90.37200775820313,7.221236559082841,83.21621212649211,56.248379682218356,5.466767107205049,52.26277281861639,1,98.94305036364742
94.80456499617466,7.689560487608274,65.31240641459829,54.85358621679318,6.627351536779466,94.72492537900456,0,100.0
65.90017374859319,7.0348933208581546,93.02759691555022,43.751577744570746,7.48916392752585,33.935700639568054,0,100.0
55.50259622638384,6.666612523074146,60.06565875650598,67.53643099580921,8.501320556010352,63.994400888933825,3,88.25749378521672
61.39675812709709,5.586693864473152,94.04661914218987,83.9640084871699,7.96095597400838,93.89605602855032,0,100.0
71.35538943131282,4.856001594263975,75.07519992821761,76.40390348304618,7.381805339363621,72.725410547271,1,89.95466207206911
90.90073829612466,1.6089073193798709,73.0802763952365,80.37230011588478,7.398165911975718,68.24849519484926,0,80.42551709966
93.03652916281717,3.859172491494891,44.9572937177471,44.86895071217435,8.729623220160432,47.482092546054865,2,69.87920141116729
50.34760652655954,3.608819619086198,87.91566549827864,97.08944261060724,5.47912048748268,54.02928423451138,2,76.95985765041868
75.53736512887829,2.8182764863222833,60.649381275236905,90.30951003058149,4.005560470980937,89.6433891063285,1,71.51406512672102
70.87055015743894,6.063940795820095,44.734004346948765,88.30541910973976,5.359772796990994,69.14526922379207,2,81.55646366183124
61.105390523536514,4.471130145551395,35.75645119854554,89.37902830250604,5.0894568981337205,66.03195356297459,3,64.27653509498006
55.99326836668414,1.5673235113535355,68.58534101830296,95.96263048796568,7.309172925569991,36.97057994780202,0,67.43965719211019
66.8807585701814,2.5412824136486796,66.64397732736057,72.65523796682186,7.168557998827645,31.121970951858618,1,77.49112646006073
97.14548519562595,5.782811345617171,78.16121734214951,52.016921072057556,6.967306913523619,97.45796320809343,3,98.03208947160883
66.16014660103777,1.5329160164321012,88.41548318106813,77.00701647115247,4.081217216047269,56.38903171007891,0,70.43658616590385
75.9395310871683,6.958448398341381,39.76439507858177,84.57288962007634,7.643890272253238,72.2249143469653,3,88.92293634489039
85.15094794475888,4.466025689097821,78.88978942042175,84.27504360124152,5.6176520624274575,35.58005512310995,1,88.71421630738344
68.1814801189647,4.3641060412865365,46.244716645854936,71.2869414500128,7.325279945033156,77.81800000061327,1,83.02889989593208
98.58910413604804,5.146854492616623,86.49062318942984,44.10752316001468,6.782892142510766,95.27966960941727,3,89.6533448871069
98.12236474710556,6.772766761476044,84.14381083169937,62.26677630580767,5.713654627139536,70.29656770981939,0,100.0
62.58911479126821,3.4346644553153514,67.44762529913265,95.24599650780144,4.672881335520539,38.82807256627874,2,69.79718631578855
74.86242529461927,5.746113067913445,77.61456791739869,75.06693458544555,4.472094488302405,70.72050692314338,2,84.25611341794081
65.04391549083849,4.960123747970537,53.861006791024906,72.29991659534281,8.157591665561117,83.64430491732566,3,82.66471486542756
64.24202471887338,2.8691978911859493,63.27007393596888,56.13121086293161,8.591987710407789,58.449157560181305,1,78.49626465913582
51.84434736772664,7.150409904486106,84.2982138626283,62.10693519499473,7.248940233821498,91.58864235590275,0,100.0
80.47821669899484,6.581982151248496,62.55591183039283,93.72076534919016,4.517170574302417,75.40780673501551,0,94.80638847437356
75.13395116144308,5.609162842608979,56.46789591952651,79.98778285161015,6.0101360844412035,92.94742428024418,1,92.42291430108217
52.57393756249947,6.954072103659693,64.652746835018,87.24322160513998,7.644696000525786,73.64537178731361,2,93.19198077047709
63.93232321183057,7.071059406718616,84.6949551462331,67.2607253840593,7.899104420050341,39.19015804033769,0,100.0
95.41329429833269,5.958540837005243,55.11248284225236,77.81483316736947,4.591093111455443,51.67841977736324,3,78.01989241942735
61.978094533348624,6.859093298545704,45.42569558814463,54.90301652459245,4.000153594226912,44.125646377671984,2,71.17880905365584
57.24474360456115,5.882300231684986,77.72084121984685,82.32764981700917,7.560685229403025,93.61785484018037,3,89.68138119116723
74.47263801387815,5.7609854023221025,84.55869276248491,65.65608002220024,5.782980879931028,83.22800471012378,2,93.04112881434034
99.28252270553003,5.33027964750629,41.038248711412,66.55273088888474,5.272406658091301,77.34788582370042,1,82.15864512433134
62.10276357557502,6.269016476903489,49.39244676535668,78.9593394746129,4.064487348947627,51.06764237421352,3,76.64017201748827
83.60677737029393,2.110235737051516,43.51831938565964,96.1768372881356,6.701497033807499,42.88313404351494,3,66.52654689497483
88.08098076643589,7.166095314392499,55.87648469493,43.84038079651725,8.25575367712991,82.95157615922383,1,100.0
61.881877199619986,7.102904694216624,62.021058734324754,89.48459424082046,8.788158231362939,63.191056211535575,3,99.67169067028965
86.41081743059297,1.204730981241914,79.92958021779839,57.54298662473158,6.828724753066446,45.805268650544036,2,69.40159671093075
68.38915663596266,6.7807172539533385,74.06885509290045,66.63516727038267,6.572306638699471,73.16353847156925,0,96.60762620892214
81.61529152967897,1.9020890723141164,72.25571404870587,41.31479972650054,4.425281927446205,32.823369649691635,0,69.93046820156982
81.67648553804473,3.345831979813993,56.142496796579266,58.06276467005878,6.744364007712999,52.83191778897775,1,72.57307183366729
76.78873420373793,6.204557794041254,85.4868531850856,70.15787455780783,5.899895394826974,62.79898962137943,2,97.36121820099932
54.51448850272041,2.1253192723381575,63.27723004388987,43.37056464084634,7.0356764044178846,40.357083387658406,3,60.846511568795705
91.7651247794619,6.725769168833436,93.74629628090926,69.46574376298992,5.943631739382734,98.92581343135878,3,100.0
66.0390032485868,6.8249392457041935,73.04852829774421,95.62663773150564,5.201495617251833,44.636815521273,0,93.96924737442444
59.32592551999271,4.552274136325853,42.57588449387016,46.323593086468314,4.474826376141882,39.12471910302859,3,55.455348259816354
52.0387570777382,1.044701102017835,75.57065372452604,85.86644368453025,5.574592222944479,44.247441172082745,0,70.7245815594268
79.5446471594121,3.0092669322243895,54.506240925901935,64.58026320255956,4.483224171438762,83.8342793211807,1,70.83668406922601
83.87821809211411,5.318488428630196,76.17963180116584,79.31042287146028,4.88448475411992,59.785396149029,3,85.10476846061182
50.829391446392805,7.868303246191965,39.178468889744344,55.614195879113765,8.936680792897729,69.57911578267766,2,90.71081098158282
75.60465291496405,5.422694689116678,45.49288623055756,49.5695357524815,6.220517784533094,31.47064098904525,3,71.99476851482737
61.3247887598969,2.8186250674491187,86.34423553434718,49.627756856273585,6.659358832525083,32.410191600132016,0,77.10165354018991
82.25863952047249,5.438039921697279,48.63077342141089,44.22951673858868,8.368092643686076,61.207788487891136,1,84.09654607229234
58.718321450249576,4.779897658010988,85.22246751457641,51.13880229407458,8.97784450245344,87.16586702411365,0,94.61498354871013
84.5468869051233,6.458917766058005,51.75656530726462,79.8531630993381,6.913572246723408,91.96672150952956,3,93.30642338866859
69.33676731502686,1.7488644717887087,73.57291460352246,92.90143671061048,8.062369105220858,36.06945973169481,0,80.01115848641182
96.83649943683673,6.327195317514196,76.64903441058986,88.84754113546971,5.634705121683377,67.6854171470716,0,100.0
56.87604720729966,4.788866050732771,65.75928518870317,81.10805859246904,5.528719787236455,93.92607803954894,1,87.90991835801232
67.05331755251292,7.740944027012962,53.31864060180388,46.62591180466616,6.013518604972801,57.15809280785204,2,86.46060674214995
55.67367606202946,3.3931051622708024,47.75866258226577,57.35124677775699,7.3625363133682455,88.0696081999858,3,63.00759373883507
96.23468091392814,5.4283532519376365,36.991361273745575,58.58841251934814,7.410958446275494,39.35869580796054,1,79.75524707913671
93.86696766904905,7.524196738570122,53.23678407444343,54.997416783857275,5.5761971732472535,95.47761427674591,2,92.37895823181182
62.89708138575778,1.7175680959347548,74.18976743187699,70.90033958258338,4.666049620683143,82.5996322271912,0,70.83407033805028
82.99920230170895,7.560599410655158,91.29828910690895,72.13322889278035,7.161981282327543,95.89340749508311,2,100.0
90.8611100100608,5.815200056105693,87.27226893578313,61.41315851026661,4.641629310943823,77.36320634867545,0,97.24617045347921
77.76004057997312,1.4748594137362034,80.96388659211816,61.22734952418616,6.89246254114665,55.43827523995989,0,76.2937534802826
76.48252891780032,3.106744968627714,82.30684059519791,89.71333587436487,7.467110640281545,95.67268207673057,1,88.51070463776665
62.092614545022585,5.957204620516971,74.89909420855972,87.35757089918113,7.503057481972258,49.289674341642495,0,96.9320651833289
54.65513839029496,1.4714542102814019,50.61721145396018,58.46774990084474,7.7673605532979835,53.25207654432128,1,55.5734297758531
94.86078789766634,5.075193221233913,89.43170184234978,94.82730663239556,8.364297107828323,79.05658926012183,2,100.0
95.02090285816652,3.421181398670697,75.24393871435004,97.16890102015037,6.499794959823943,83.57214096677704,2,88.03429220922506
81.65507286366339,5.34640862437234,68.62643785882639,59.60455252180245,7.6512459476478565,95.05824386944077,0,99.02085204485954
66.95148955243504,1.3201942366875898,41.65936815280887,61.26549692758329,7.095863676829183,44.33616863393466,1,57.97409103572305
67.46047873063304,7.100757643066634,61.82333262838553,70.33804920531753,4.933199698988413,85.85986246534569,0,92.95080040042834
86.29778394351197,7.814422784241779,62.62149627211558,96.46724875202041,4.128448224347041,81.69822373778744,1,100.0
94.85551299762886,7.782144986999841,86.87381657136021,92.57916598853869,5.4227069283846685,34.46561893775185,1,100.0
94.35432121325587,6.247562822200473,67.79889321126731,46.154077755015386,6.2151685316880965,57.105619884714486,1,93.10753758366617
88.99377729288119,1.9106036809144238,57.824032938224576,63.56384459628497,7.085529722143281,49.7935819942069,2,67.35643101761032
82.10158230771438,6.307842371503158,93.60801971063955,73.20227138498632,8.249796652516027,51.314329704782125,1,100.0
54.206998249752445,1.1721084152116106,41.643235599578944,70.1879483530924,4.981228583530828,98.80628156882906,2,54.21959700203683
58.08143570473069,1.1548648607029808,60.352905698716675,51.63178407621356,4.627748949492386,74.99441894359495,1,58.4229558666381
94.92770942635397,3.265271534046789,37.52148051028432,91.52900627008928,8.817399737371638,80.23733104554498,2,74.71554015436453
80.3214529829795,4.42050233283266,79.39424724601582,80.61644697981023,4.540222796882036,98.36323461205065,3,82.37803002446634
50.45985258083148,6.392851924654552,90.08459313194903,90.27450249110822,6.392455350535946,56.404124772034706,2,94.2832657197546
55.073577143301605,5.783067636245536,51.80223977302937,91.52585676096834,6.927818643966509,86.12881179169642,2,86.43663434012758
83.1750884554028,4.121318944637238,86.50050060794726,84.90135121994439,6.706872104537191,60.417167431314674,0,98.96235924962981
50.253079192310935,2.915386663971661,52.53309382771387,66.35263607498304,4.430160785164716,90.86735702704858,1,62.97220754712605
58.04040257087493,7.979871501103978,89.64620969863492,76.63280530092547,4.285134570018097,42.64602789179122,3,92.23720811318597
77.4366894683293,3.9832691156518107,80.23771421580705,49.62192436718459,4.527417137305179,96.33803239449958,0,84.06932157386538
84.59475988463467,4.159709170307728,83.29440661048632,80.41872504849445,6.927938419363063,45.314019588761575,1,87.7513245961743
82.59806297513003,2.1453667483416843,36.08039333602727,50.75519534435685,6.721724438171606,52.83543548866521,3,54.36927657906908
61.21346547302799,6.563666841249505,92.76862142444156,81.63697543060941,5.168703960183722,82.93345638747464,3,97.08032026185582
85.6089610673768,5.855775580470421,78.6002595242194,53.775889645238124,7.188870709227958,57.562859909578464,3,86.01965234319974
61.862454374840006,2.5453872895213228,53.285065723168,47.0530780090132,8.100337510278248,72.57479637365127,1,69.88450658425731
66.26998490796339,1.5766673193108989,84.76367989153081,49.91706940857745,4.207894799232969,61.12014507485999,3,54.47609537278996
87.32457025590121,5.763495114522992,51.891271904895795,40.11952811314421,6.490649717740212,81.96589559628472,3,78.36157541801785
82.48164495236074,5.5815784999679465,87.36523037396768,83.12437707121182,7.446552060513452,45.98318766580276,0,100.0
92.4611705247089,2.912816688987465,41.75482342471622,83.94406294350274,5.261559635348435,34.09205910658139,2,71.1312782189166
82.88064461501716,7.656044935752872,77.22115864764774,70.89600099479557,5.538854526465745,50.995057823114635,1,100.0
78.41543016677358,2.0574052424663014,67.44190859869462,49.68176806332302,7.068189514946919,63.20160654079012,2,61.507759298413156
54.683738391404624,4.026343607298213,40.792068211726445,45.01326025064139,8.489676467218684,41.7614036534875,0,65.2169017950885
68.38579015297168,7.605311441173193,49.51362969553034,41.14773798623722,8.049622101514498,54.83581027594721,2,88.41487883271874
63.26011838408627,3.9380912184828563,35.744242176638885,49.944890617913245,6.915651095497918,57.9988112805498,3,63.02998190133073
62.19948216895418,5.469681633648599,63.12607792787035,93.45133209898881,7.651108588786246,34.01742905817915,3,83.57415545151542
98.65052773762227,3.78316078573956,53.07591564560002,54.4922105021009,5.824112351038993,70.83150737289432,1,78.97660150198779
69.65488623333802,2.91950641644069,70.90144905786553,61.25627963303294,7.2048276404937885,91.90403995799014,1,83.07422406048924
94.60232775885567,7.8878435357187975,52.83426846251703,46.32072906887999,6.330907955637785,40.62200390671367,1,93.26331576918777
81.55693129986315,3.865338044205301,52.99514669041908,53.34167828489022,4.949680682287805,71.84656093810598,0,79.30662135732508
89.74056517708243,7.258694425753941,79.5915919238962,71.15347424681231,7.508691369386286,76.53174434375924,1,100.0
75.1318546552596,2.6096822412376035,37.88857015870121,76.46516098573915,6.78232318674411,59.35342762935018,0,67.69627297032021
78.84519423131795,2.4917329281755833,89.17369971151923,54.72113884997266,5.793107909767957,79.07683111549889,3,68.26075897438353
74.6258846909432,1.2179385801915794,86.13583246347089,43.46392955350703,8.556695950393154,58.75120804437084,2,69.53918581442788
59.76214938990223,5.561667777631195,75.06828099358438,63.46197214764392,4.104670589133667,65.32461015842044,3,77.40356742866868
86.12260576307526,3.579684406066328,70.59329420644306,54.05220225558005,5.57886575624748,30.514713118809887,3,69.96026908427213
64.03861812204279,7.050507748877459,88.53814988837914,53.17323539378812,4.284406988888232,78.42040798942821,3,90.19419747975851
51.21579832157269,4.3124693468409,46.11981077172287,97.59176816280731,7.832636581108136,76.2939875261307,1,77.79222677685115
82.27361479535838,7.777353995403052,39.73814973144972,76.97802915554345,7.510537270568963,32.68806141284412,1,93.52880037803607
58.85553397035245,2.298678609921848,49.370610194572286,73.41270659032575,5.656761093681585,55.777507517659316,1,58.48652182391212
97.02292921764572,7.080362175689276,82.67469672201142,64.94650621139931,7.378314511035365,98.53222885541672,2,100.0
97.69642885012937,6.436177969542192,37.080216003589,65.73666000580866,5.979686130979749,59.45155937980317,1,86.69838940093064
95.74321951102243,6.396452912508364,69.96841010500938,72.45430023028484,7.781268957112172,65.13617835922892,0,100.0
68.50793501277222,6.913482596818214,94.7262509714786,81.78578842216643,6.270918313683531,93.69511107118029,3,100.0
50.77283082644337,6.3271679366009925,86.34176563025237,82.12876577090977,6.061398639158328,80.20833131060294,2,90.42914121173509
96.41592812938626,5.383542251419907,66.28674134261537,50.30163446232697,8.673649577441505,70.74490917869565,2,88.67719318576714
71.40920741586572,1.918714143776713,38.81845455719854,70.00676512459762,5.254395499453501,85.84632769387508,2,55.82672613159473
98.33274095218349,1.2276832564387634,84.88241086314258,64.71748570204612,4.602236699982827,90.50563865191813,2,73.02873370693924
98.18099885446264,7.445934934709808,70.93871049063263,92.23161797616305,6.922715566297291,61.98216502160868,2,100.0
92.650472773368,5.316552201645166,41.89597982357401,77.88513527310258,8.846609061420894,63.25758554522848,0,95.60242288265515
64.72244460347929,6.575761036833234,40.63143708940137,71.95024398495892,5.8891960686359335,57.0235654956285,3,85.00199646874589
69.25488643009626,4.370656460587851,89.57760916619554,46.923678530735046,4.310183818143908,97.66942980129224,2,75.25510737224218
92.55683357584284,1.8211573227367612,75.15201577628471,76.3382733594047,5.696526336547837,78.80163780032453,3,73.71292228614988
65.84610025781389,1.8763005454178532,84.75720795900534,47.03223434081401,6.529658271597793,35.82561463456506,1,67.00320660641114
58.474637334304624,5.798957010602799,87.73873401693604,60.232394533945126,4.8096150331610685,90.40717363191129,2,86.94689388789443
77.84006312291751,4.012141264296239,69.30634112289934,48.57051788885991,7.29051109028246,63.63919585853876,2,76.79182434792065
96.80773870803904,2.403673086902357,66.04678110530247,81.52441882146213,8.988746945051002,34.812773449574124,3,73.15507255356515
84.80148983374865,4.441161827190058,60.82564461925941,52.37512683016916,6.258697379907219,68.48020786143178,2,83.68905956277119
78.50305850446824,1.4494625595259385,54.01679526746716,63.51156239128156,5.773642783651063,59.201499528299145,2,62.674024938629465
54.85882468853843,5.073799813400791,61.07575765152271,93.74048665712672,6.003520834172333,91.44245834038374,2,83.94543973679262
80.75036133495848,2.8829538310456835,81.43277934380939,52.25898300393822,4.575730891976006,44.27962225265712,0,80.4659939426324
99.50269250521316,6.582913704460317,71.11540586090788,70.46830383752675,8.416368007131119,87.8525226644528,0,100.0
57.0042007618262,3.1725337124650164,88.55139739729077,65.15629966996133,6.07412827760676,69.0382083829817,2,72.66233488389067
75.91648261818683,4.186541043572609,61.602800862751266,41.08744246274378,5.936372057124206,33.82272122494283,0,69.481071409896
93.86865359639776,1.0813437793567044,71.42537472312524,87.56548681436877,7.298451364652371,98.02917109278393,1,78.04446127336925
87.03843088771022,1.507128214561912,72.87845318551932,44.142754378875985,6.210167104655618,65.88306708722399,2,66.92201286098668
84.8507870497634,3.747454894846794,70.50182973837954,68.45530125861721,7.24116734403923,50.36137979621077,1,83.95332439598961
85.12420419935546,4.3595718430198644,77.15802638513098,73.640697696337,4.307231450653937,62.858478939248066,3,79.36454915337258
67.97455756098776,5.200143836835126,49.246008102488375,77.70558739687522,8.068616718611137,90.05004484622424,1,83.93433866529743
64.67959221322467,3.0416380509651226,65.74182665274743,81.31789775847253,8.702519764397014,51.343218706954445,3,76.01316698439719
90.46805777392568,5.864873202885798,41.25348816850086,55.196343011362906,7.24382693079693,43.48734775406902,2,81.62874666318658
90.50566973395904,7.020856780324432,58.07067965868875,40.59872659950696,8.772829644294053,39.034987285161705,3,91.36475159744889
93.35361592900519,6.458956922253448,64.26002411727586,83.40661974129472,4.757161571849816,50.850157887314786,3,82.6755603931062
95.66202762782356,1.2773317774385,74.13345557272835,72.13939596085471,6.387080947401769,84.60336609280304,1,77.74898155918115
75.56711994304689,4.363548630804803,92.0318631551722,90.16706219243493,7.009033669727236,63.01384556366832,1,91.82194159411902
75.07581473435998,1.734511248927224,71.03906399290136,89.28330177404166,6.908683237105933,45.923712258547795,1,72.60970159789733
89.91475894833876,2.6943151110376924,79.61563497059359,90.59957006727299,6.007308895445217,41.63294997268244,2,80.71016083019308
82.49819653888827,7.906638152870025,65.37596356971217,69.10567959877241,5.690422046831307,53.291063355726536,2,96.99470233086032
85.09834386288517,1.9974688003105925,73.04624188257988,60.017703750211936,4.634120112752094,95.79470610199962,1,71.21663179780195
89.78963347180505,4.492217074159493,39.25593296802641,87.4934921554822,5.958712252811391,54.011869881301706,2,76.65724674119494
94.50026709087831,5.327090140226834,50.26349485051082,67.07764678175529,4.813304075527426,99.16868531682448,2,79.62507032873275
66.89975784257679,5.917254793808728,56.711185592308325,51.006531784206075,7.671828382461092,63.96613190357493,3,83.82163312585699
68.7791476319972,4.9175407844083985,63.349601300390816,91.29844117368846,5.0441546774729495,42.54147428031056,3,75.76978473910015
54.69909699204345,1.0683959319342855,37.738924730143026,92.95359260634083,4.292826526422669,92.37980642554567,1,59.72579889624003
78.9140070498087,3.2852291577079433,43.401445853199064,67.97858536841021,6.761830689086171,62.22487611943788,2,67.59272268855071
51.797113689837104,4.6239815036929794,51.60885846747834,44.54198363858725,6.976148663597008,79.67699404531672,3,66.99255410896984
73.27990090662301,1.6150654940138334,93.29196145406304,63.269565395015874,8.359565306402526,98.85981082464062,0,84.52188223222065
77.13223173537884,3.454388518464265,54.88082042618305,88.2122595677562,6.884908062088409,33.51227452239818,2,76.14403937391128
64.32706260641422,1.232421761539566,63.92246348672495,94.10644171277372,5.727404268617229,36.7686191851297,0,65.3236036156762
79.54166302845053,1.5500494800851452,46.76586276430358,52.20836454985575,8.015059407631602,80.43197190239293,1,68.52669582063331
51.52501249695247,3.7784629334111726,71.64680426454609,44.01841672151629,6.701394465937105,49.72775023068304,2,68.52232771597227
51.86740943746072,1.9290102783014225,51.84099293095846,92.64102718797032,4.396401423155959,42.90109778650694,1,53.622007961770095
91.13002803298292,4.972785937830907,47.419554706305604,63.364296338732515,6.829252801566233,32.755331587381065,1,79.04354271696386
68.00953207056314,5.82625478396086,65.99435770675875,72.5056578560538,8.540092727108313,31.529269839034125,1,87.10312411938413
56.35302563259424,6.60410689376358,35.33034794962525,98.08394872304554,5.9815631274911025,84.21399221838536,1,87.0890699365489
76.11216300274022,2.4010517097136708,35.45984195895352,43.99388367485337,5.481629009499001,39.4103399158685,1,52.797795091591844
88.49967765493054,2.172378075813488,48.14412854611147,78.89908044712573,4.7173472850901,62.74044311798056,2,67.32659072507795
60.791051374842155,1.7319748823408019,37.20328175004927,44.446325354492025,4.757227609676787,72.4127770625638,0,55.1285233594119
81.14452379095002,5.455011746805457,41.48154524784148,62.52813570799002,6.1638574217090945,59.98462603981923,2,77.12103688589214
54.2673732496884,5.945330085408308,55.331638960325094,88.22887271160681,6.978399120807648,31.897465663536316,2,83.52816889314946
52.58408605843039,1.2211030137794943,83.15514077478878,66.00833396533807,4.403077025848009,84.84510518115363,2,65.65250997985984
76.5677315784074,7.553485723705829,69.32291860215804,99.83094123417703,8.697842945125828,30.735925717915745,3,100.0
77.03175608050532,1.3637989855603068,65.76006355738498,73.54355709679612,7.77566808722598,83.33229260642388,3,65.55586331208399
81.87149507491033,4.789074347107493,52.6093293924873,59.269729158157205,6.933119591418313,92.5313145651686,2,76.79039073300639
86.30456668613309,5.963423636156415,90.90522316596898,53.20667955428519,8.142193354694953,60.29879447400206,0,100.0
98.79260397312673,7.096783866222599,58.8209024742315,61.03123205716971,4.400933784060566,67.48797311684588,2,89.74242381644507
75.81501741505977,5.998608524926994,40.22556600774629,62.35199642557305,6.384194388665621,63.38883748323576,1,83.00496025843849
66.1478236470623,6.612096581488543,72.02399096706807,44.12282066343766,7.150465634308317,57.244603303640716,3,84.50561898205787
89.75930973843518,3.3761513477996425,41.83030360859608,62.174451965606394,8.143264530591447,92.11971747592523,3,75.27017728903473
63.54161256310371,6.703775796225585,55.71338856810152,67.85431118435349,7.917347800246338,92.57534574689933,2,90.37264510320269
71.9485710352818,1.5608039246927259,65.44471632306853,83.36426513432828,5.385346248566998,53.507145524907415,2,64.2820720466557
53.922819067113295,7.263716592423694,87.45335148111054,79.40376908329648,8.704400847796022,73.05488278102885,0,100.0
51.267537170772876,4.833146633076153,64.61279482040712,82.52593931374926,4.621729207154352,94.8835293502105,0,85.93925693391452
98.13242073389625,6.721084389737456,77.13552596189986,40.50182091261143,8.37566809310576,97.34409492589461,1,100.0
91.79900602561028,4.1662279916281015,94.56901033994421,53.06004397483216,8.854701248023094,65.62713282954333,2,91.98693331466565
84.7987103046849,5.505043866375675,42.8893471938789,79.70105730399139,4.885767616113128,61.69773636990287,2,77.34853882564934
70.44764722071349,4.684818626552793,51.48389153117117,69.03936209078483,7.610330321018926,49.508602114996805,2,74.93437544455743
58.66471600354229,6.121126652287323,58.674564535858785,40.318808540100754,4.201427593889992,97.1210311233287,3,73.48070480668198
57.8218521335543,1.571409874214127,60.30969071232988,88.26967854590934,6.027114125695775,39.99700131310071,1,66.07570469230143
62.512144908229764,1.4224645879339466,59.66126451593274,86.36857439742025,6.58141649598837,70.58807032334076,0,70.02439264614256
77.46133323530603,2.729722638071025,89.4566601533933,72.90514977961377,6.9032261295481705,49.778518726304725,3,72.64863527395951
85.72979613500311,2.1168127607923184,77.84195866801139,43.987799546576326,8.679686241242798,49.53058032434576,3,76.29771895745161
83.00986883588656,7.102484966145412,71.47431284544223,85.99090297195508,7.361253436470974,58.34780111633319,3,98.97251045534107
63.99669484729714,2.5344979115063104,53.562363071766924,75.02281526388184,6.4063897560961856,99.91550550709582,3,62.37745959946577
97.7432640331597,7.8310567907339195,84.42742305327768,86.91759862947755,8.048375181329448,33.847641478787544,1,100.0
86.89484583478843,3.358270542397748,92.30363068909934,85.10481954375042,8.752664104772045,70.4979272742472,2,93.51491410269284
77.71770262557004,2.274825409820895,84.2718969530136,88.18012431747023,4.110330743411454,35.780051062469404,0,82.33869818070508
80.5860373117176,6.527889549997354,35.093906311488375,71.08048398427749,8.912606361280194,40.81645809933633,0,88.52942086113583
70.9800031213895,5.610954428506133,73.18408221100442,48.4194710916109,4.430660695318402,60.76940592410291,3,80.33530223496646
62.386549475057876,4.487370015171972,38.06812288652604,80.26944840278132,8.071933896343808,65.73220919425088,3,76.29056209027618
67.79863393256308,4.8875448565634185,50.456433220023314,77.22842710311824,5.401673762757063,48.11546858551668,1,75.44757656964653
87.89230552321845,6.034412447905847,38.5714820208663,84.53519123194523,4.660898288769359,52.15199916120913,3,76.70670227230352
50.719674431487796,2.599183189319091,71.22772717696327,50.19286036304412,6.199278198569175,36.087691417915316,0,64.93549583724719
55.80363202534581,7.974337412397194,76.1953948095564,51.69851199401735,7.219782897238067,51.22538486909754,0,100.0
52.30013210108764,7.823552135027482,41.86925828395431,93.42457103315971,5.904759225117375,97.65909075663808,2,91.61790783838497
52.03644011594851,5.552279804428558,58.030332982698766,84.99866790712426,4.272827041413494,96.12951671707371,2,82.46514287499222
92.77302920055035,2.396797156504016,62.374190537332524,94.49370932201938,6.997305698293583,53.441480309588954,0,86.03421502274021
85.18289296900119,5.761597697019039,57.14318130565499,85.52291926983524,8.512016380553373,69.95977553951332,0,97.59168148226034
73.70869145436626,1.505388862854231,42.26150002911158,75.82931835941811,5.916076829736259,93.6716773777661,1,58.61887657236174
54.89170803255007,1.2145675154406423,60.136867411248524,79.24796422167242,5.081663888154135,30.432867584862766,1,57.122314237304465
74.58079375584163,2.8037802195784955,80.07068286850509,93.3476754364006,6.212886729664077,86.74784992363143,0,88.93958706666965
73.67358853902829,4.238360697175214,39.26045987199533,74.72840527071642,4.241813555243905,96.38586869522433,3,68.78438698895317
58.66009349550076,7.077907537858664,39.810800844914205,77.94347945970324,8.102437922401375,36.392801403349,2,83.62045480343374
71.69258246189865,6.090183488364156,56.28627751015905,49.38860296021603,8.131704054750934,41.30133802230447,0,89.85140584200475
69.92523671986868,6.198945648399867,91.5035426971355,68.43527320696616,6.940002317148142,97.25224119399488,3,100.0
80.79250490261083,3.9784533411365275,75.11435880337484,82.98382671748594,5.765514444691947,67.62781005482424,0,90.47166173659399
81.75468254338219,3.4215449478287403,75.7201974003539,56.25656189898193,7.998916822228917,30.99376441302066,2,76.59030956352424
52.265200488602225,3.597271340892219,56.715199450271896,52.13525083147209,6.773435123941836,48.03423991344704,2,64.1239450499243
68.73063073132356,7.913546946152405,70.6196474725123,58.82960849346493,8.129661542750082,61.496057198820175,1,100.0
81.29299578571182,1.2807643398873774,35.6078710416646,54.49003767957001,7.157293962915103,78.50362377173374,1,65.59345800950963
75.15681292900439,7.06922047285714,73.16576278457254,52.894758222183754,7.922027366063986,81.32122646957598,1,100.0
92.82449205941612,5.050727860006754,89.7972168545742,65.49105057208521,6.992814966088799,99.67950590478193,1,100.0
82.93468158094726,4.070307934327133,71.75440810068915,94.47031083301204,6.070705341078331,50.12578395686313,2,82.34239340801774
58.14672135407149,6.076803622905955,87.42191560798071,70.4235788043231,8.789729299630688,67.67540713079327,3,97.44742327305335
53.52843737002149,4.40668258997292,78.43838332796562,51.275222848919384,6.7055691243942235,67.33264835017235,3,80.9858136976362
82.12096391031578,7.113962666571624,42.23350498422141,44.61830016285244,7.025447592702692,58.39516816130663,3,83.59905378444577
51.32556552708109,7.304913048078809,89.14719843715051,81.76936870827552,5.102438197073746,41.84133256896941,0,100.0
79.28877906367316,3.952046488114188,38.986630661346496,62.967925866183265,7.128253947136383,98.42195942286898,1,77.96821866771938
97.01151207124788,2.937794580645361,67.03804835286583,89.30985679512156,6.8580382474147195,89.73220306666101,1,80.13554477774267
78.77370889379395,5.146452300153536,43.52822742760746,79.5706461184462,4.9241919897351245,64.8833119805966,2,79.05323619596
69.4084963103261,7.386543419316837,35.70239664385424,87.77448703248211,4.297935486765718,72.22717958788209,2,84.91239658698517
82.16441092211767,2.4746353230396663,60.32205560765834,56.316762365106925,7.0217965985738555,45.90827374917636,0,75.26963656073293
72.91264452457582,5.3607660849443795,52.702442459249376,81.54153534766348,7.818461346751603,68.06509492742228,0,89.73736797355572
77.28083946579675,5.420921540647644,64.16002962785618,55.84371908162313,6.617006854610041,78.64790931850331,3,81.13077635113704
97.07324043882626,6.131791156906967,69.63199320407304,96.3441087670175,5.133863126598229,66.06169198706121,2,95.05563879096769
69.30513189003871,1.9209737958908186,37.624344338536844,78.18245689200246,7.3326098834651745,99.31996194094589,1,71.14265210606732
98.05952819119571,6.01077475277462,42.38019770742474,59.470708010520525,4.400528633048011,72.79391593734084,3,77.24461426593857
95.26753209780318,7.363227644659487,68.51854378702552,56.17071173753636,6.2091685240097725,55.96815988145183,1,100.0
59.78955673946482,2.257781762091694,55.59004119035949,51.45559510429861,4.816833791992101,84.05064193310866,3,57.97349081544425
53.46806504375827,2.6628032744671435,78.75040925296688,81.67845753362366,4.922295255299417,41.932375810714944,1,67.09530089870412
55.038900068871335,7.799765658291477,74.13749891551637,53.12293677987564,5.011469745791018,56.91610695943866,0,95.54520980463793
50.91109128257749,2.2668386689664284,85.73626177939441,75.71819595564935,5.9335352852198895,54.28712652643101,3,64.935777385127
54.72214803779642,6.980695653587054,76.54956960015352,55.878101615521445,4.255751028101988,60.22649665754441,1,82.14549831036717
84.15033867081785,4.4459449951362435,60.79586464340889,79.71813668763212,5.9889672046454905,84.72458781501084,1,91.5050786171457
53.55943242301145,2.730617520822239,75.37799734366595,88.89638371243235,6.558537235573504,63.89211225143852,2,75.928544171629
65.94878151468806,7.095249308907579,51.52287045532511,86.68151458867919,6.4164714248316255,85.5810115186174,3,91.11575712759785
92.24376554847274,4.117136785018658,53.37880992669276,85.6510798558469,5.913920502015203,70.35422321979061,1,84.25521629808127
51.163596786791295,4.603721477507831,82.3391095952476,51.263344341535124,8.195733040353762,53.944860426028875,2,77.28246069193506
90.72342412944678,3.51463358579836,61.78517098409493,45.30309681907112,4.72663346210252,86.69851205784306,1,74.72113528429335
64.09273873867,5.150655960044492,82.90282043110115,81.93692970924315,6.52848371890687,46.68027693871641,3,86.98355058971069
55.90824138108281,2.1446671080951596,84.3453424200967,62.10083282766108,4.310207084782771,45.706808585985684,0,66.56114640568713
84.83685826820754,3.737570756562325,86.45374025967703,65.94077358420084,4.3557783943895485,65.3152046838385,3,70.13023286039687
81.4471423389942,7.785886256347013,89.99811415047245,41.86894556760346,6.8693292483854815,48.25944721734622,3,97.38192102497896
93.87360067635265,2.806934028907893,60.859113230797774,55.574586956502955,6.830092124439105,30.636092446585142,1,72.70183312397887
86.75355219019428,5.597156651789046,54.13200909926833,42.02058423246784,8.390167564222285,75.38082691091611,1,89.60429213041506
90.17404651924244,3.276330449572864,69.93192479564684,92.75114635607486,6.789368378300366,65.77656750306787,3,82.65066038126922
64.10172862856533,6.414311879806204,57.270345406257654,54.60380099311183,8.798955102024252,61.186247014521285,2,89.89293123778242
58.87197718898614,1.9161156250284488,71.06445000801398,73.44023017438047,4.243474241999649,97.68779602328208,2,66.72238059356
87.53073758204292,7.788747315549813,77.33515175862948,42.33875923966782,4.490038423903705,69.98394287740396,2,99.56630880750461
90.3417369633632,4.176526789685475,76.30430110952821,80.01084347833948,4.220329307851907,90.44021044525692,1,83.77166851349895
99.52525710003366,2.6523532434252477,57.47317322120728,59.38164074524563,4.9263842516677006,39.76151653436121,1,71.6586813154857
70.63088384557133,1.5144772313100887,45.01161210192517,93.87515121745994,6.70635055470839,69.84445241905993,3,62.56008068019486
68.60090428963916,2.1883053356127853,60.83176030773245,93.28709133604215,7.22786090713714,90.75857387116321,0,76.7171916718677
88.82064803709984,4.638417639892124,43.55564864491453,59.51743710170487,4.2279257897433435,70.81740300959285,1,70.97950802000948
67.0401770126509,3.359022235019004,88.4058221110285,94.05765374142808,8.729854449227997,80.26099246889011,3,85.08152303806615
96.53786628017824,6.802183561178266,55.75264764427145,99.76946040992672,8.210826883251904,56.04304974685452,3,96.0510388303408
92.9206375921506,4.016212665632642,44.267584833399425,89.52493984743688,5.4830624107854655,36.47146619259466,0,82.24773710506639
71.44970136875092,2.7409999081134093,36.526865594345054,90.69228086531373,4.385937651132339,62.053020658895,2,59.69040263949869
87.54355338957487,5.32001490622821,73.74934317718905,54.940524166545394,4.849435366095286,57.61355735872003,3,78.36584770041351
87.72714370423412,5.947440518198121,73.21413904728459,74.60214393146538,4.634722068774863,90.6942127665263,3,87.9411588398613
55.15619344179663,2.169293355306649,55.4362499948775,44.03535483804207,4.616418896494734,47.07967116467306,3,53.410585600981534
95.12764533397834,2.1733345140182236,39.30271333085906,45.69507620930018,6.5928084433286696,97.67139592745757,2,65.5291636700735
75.26261862239286,1.256699988534801,59.577733693713924,99.93355672199743,5.229237212467002,97.06966838631473,2,67.82706547106112
91.32287330538708,6.154814105459484,53.67304970380361,59.598354965554655,5.790698582645723,47.33421501500071,0,90.06511551503748
66.00248005153058,5.646631693352636,75.62723838410056,84.89103472293078,8.947526666921611,54.36363688341243,1,100.0
94.77616142481003,4.322416130248698,71.34675496716142,88.39990318160899,7.421571244626724,92.68890186117196,2,91.09584239915618
69.46008393670816,6.90919314278438,56.8756236918524,91.48139626043375,8.744903335235007,97.66355546272753,1,100.0
50.54188257401492,6.639691070650372,48.0735532552994,99.85769784412939,4.712782775165578,61.04073719852308,1,85.86868068821205
95.26909882096318,5.097480550777265,94.28215796933551,54.48978911541207,5.910697374162846,52.469793194862845,2,91.58645419807735
54.56433383930668,7.07789896359281,62.24009727176689,42.421049611581985,6.773659016411772,66.82658092760795,3,90.07022582847993
65.96568187952074,2.4408884702573777,76.29645414681423,64.67149107967515,4.38379030944369,78.14384444560145,0,71.40228522723831
97.50309835254025,1.7834373357840951,43.43317805470164,47.804840189736815,4.020937218139789,49.143216076248585,1,57.51362455950296
97.5303573468778,2.8882472806189274,64.13538197956387,41.34555334972331,7.352171668984587,81.5531222233351,3,69.55211731160854
78.67189440616431,1.3996079926252039,36.65220319216793,61.625609628489165,7.209097584007177,33.61601499802487,2,57.60910382570798
81.59186060848997,4.7181866960072245,65.327307074627,87.02429506451418,6.053944049998059,33.45061449350915,1,90.0816583341014
72.42227609891599,7.556239846064731,92.84104442706214,73.97084147350425,6.448220380160163,57.040139360188164,1,100.0
64.66053858490322,1.2754047846795675,58.05240277914801,58.76667935262124,6.077215002960449,54.74312344425044,1,63.84044298680003
66.4332272684958,1.8547693980701876,37.3397607544947,79.26052032956318,4.120025224224444,52.09432507570066,3,49.50812027246403
83.62592280385192,4.165393197984047,36.857347455160614,53.92109081852864,5.676858031087312,64.37138338682371,3,64.39264987840555
87.618726471884,7.537125122695334,58.27920559681217,40.862886764325104,4.885411276986449,52.45135076180999,3,79.8250139142176
89.57895218629243,3.2130927348372538,44.60149618779164,85.86120318618563,4.492120945506843,43.458054292766434,1,76.6785513715458
89.48090713972769,4.550643660818747,36.40112577969116,77.42458509184056,8.783602169446748,51.66286843620206,1,84.32385064668182
54.560305152434516,1.2910100133527447,80.37281683701062,85.7381574700576,6.996798625210828,98.24329909671644,0,76.68173621434731
74.72101523512907,2.038402406734622,62.51138053291344,42.336281001259934,7.643281421183014,58.7779391896394,0,75.38859881905283
52.877938000832216,7.906410860711929,52.35468631835927,90.22717766983914,5.576818716330587,61.1298943800835,3,84.69645777009926
77.47644411618677,7.755830875052319,89.00499098098885,77.17157200217821,5.965735647470076,70.3581492965798,3,100.0
72.07652506866884,1.0345798665408674,41.96833761203153,73.80372104275841,5.1846199694836175,98.83385378899587,2,56.98400170145565
94.38520913791498,7.662682497962673,92.35512973731915,77.47684288687189,4.4848283548271235,46.91208935050341,3,100.0
67.54575062760394,5.473839564708502,53.83800304264117,91.86599481210185,4.895158187207919,77.68974773727037,0,88.17821861425543
55.853350821380296,7.075428061640155,88.30422033852088,75.21619039353442,7.987570226482429,80.11892854792069,0,100.0
57.149584102641796,4.183178989437014,71.1765725887677,74.85702279329075,7.38772902591888,72.51270917551462,0,87.18079505073669
88.07553158587362,4.6091722000547515,84.60244158448924,99.44074942394595,6.734644379927385,36.200483774565086,1,98.1937417693245
80.91090316581305,4.421926061798441,94.04078979262786,85.40381002411408,6.37544936433384,77.38105930793034,1,96.71597482545904
55.05613380613951,5.668049802822731,52.30432626912474,66.53762832706812,8.612171418280623,34.48662977253228,3,79.02176908372093
54.20534030574987,1.9775587832941903,92.66812912445558,82.44382000197567,4.363674738893342,71.72998546849279,2,67.65963328286776
85.048456572956,1.2098151291087458,58.36891369414522,63.353828301507306,5.403004066189579,81.770682405522,2,62.976809306726395
53.638150318209675,3.1555095911383364,58.130714284215344,53.73252774900994,5.7496892678535705,44.767892343396525,2,60.10690787173077
91.09300296451781,5.932765339156527,55.42322625527034,75.81111261326556,7.912129061063939,88.91354052799419,1,99.83761675249855
85.31211135782482,2.4129741648606386,67.48445644085511,95.69092588683708,8.962573100809855,32.1247663873103,0,84.95836643828699
54.06743903209499,5.714027033274421,44.24870259070923,95.74837120092776,5.203352573785765,89.06690045608143,0,88.40410565233256
54.241885704259595,7.789384322750893,68.22268912148067,60.51431668632942,8.371536670685403,62.223033544993555,1,100.0
99.33197892505876,1.6573050105259286,67.50228874460024,71.6606479733017,8.153113802158956,45.231155795215116,2,76.05690356622031
68.71353978780601,5.708214827575884,80.7141087562922,52.69815391419167,5.123286988208833,39.36447014957776,2,83.4051141037134
68.53210735334454,4.106251535131998,85.01899771625514,99.737866569933,5.996662900996113,96.73150173076608,3,84.37589764623
90.63997836287513,7.076995780642537,61.42648101874544,98.86707447207614,6.048364346462596,35.08659113068097,3,93.36800952621533
97.36242886919294,2.2400485261317016,53.13999496108963,78.97053578244683,8.891103342632793,43.9365393955148,2,73.03689667896056
99.30005319114355,5.848381665583152,50.56009383902567,88.2648435806484,4.904459506894492,54.34756432031322,1,88.72115723065704
87.66890926294708,6.866807027536772,46.677430202292314,82.906009677022,7.99578985552391,73.41643942727843,2,94.51656870403916
68.81297927654579,7.6122995363181625,38.458854931941495,75.5894931423681,5.670963570865549,68.1360759693269,3,80.91593200215468
54.17503583493344,5.7827361980275205,55.546878730082796,43.20087981933386,7.654351728880802,38.79504446886198,2,70.20907588629504
88.85734579637185,4.480223348058991,51.21486152784699,67.28586055315967,6.1000550214783145,50.280958861675025,1,77.8537002250382
77.92021248679025,5.324930681408497,92.98504315198444,80.48717813004464,6.8917988155827,46.71262397602169,0,100.0
71.21110046234881,7.082334891351028,68.46252957500263,80.65189683302108,8.163058866630656,44.94799981432389,1,96.06682452509008
95.3177192547368,4.994268226471808,55.83662234183045,62.387357105343014,8.02082782491942,58.78010355359909,1,89.11068796627062
55.559874115307565,1.212709417877858,69.82805605962176,96.50151919948183,8.332115917698502,79.28220168141598,3,73.8924238867311
74.63125521454296,7.516640868548844,43.351802080741734,50.04142193420686,4.298086626723295,45.221705255206516,1,86.20872274473032
50.567682238370956,5.826687257220928,61.642624952132174,70.02156677293364,7.4602527651987245,55.667521579208696,1,90.66087745103844
73.43303209970631,5.735593700440726,72.57405928526383,81.45303859304937,4.699936883608815,57.36421987888136,3,84.6644278825854
52.815163784091865,2.50972606678402,64.33386990754708,81.82814835350855,6.079092840092055,98.35195706047871,3,71.18195717122019
55.9408958134036,5.612198291628601,59.10672803925945,78.91833740612893,6.742942075273442,96.82664498153483,0,89.8155941008179
55.87631233885524,3.7570508395791093,94.63090333398189,56.51729280711161,6.013697423734154,86.00963079264531,2,79.52271871259478
82.46051510580318,5.558630839290444,87.81888572893561,49.37239412119732,6.598058379015038,46.91612445734296,1,84.70709063982508
87.30224396327117,1.746151212155935,72.40435748956641,78.15641960960265,8.982631543993095,34.76261198641688,3,75.63593575049902
79.16843825485799,5.604917132221252,69.16264167093696,75.95812696836626,4.676086568564274,52.18328964044373,0,95.19225889924647
98.10862742372709,7.995896080394666,72.23962878947503,50.761360617354455,7.377280226682128,48.675618460368156,2,100.0
68.7435289761852,1.3374842720238922,47.078726469345995,82.3083487342338,5.980004831928076,65.41480601024757,3,55.645632551984576
64.28560431409304,7.840219289549221,58.70826459585912,67.31031950401939,4.665048994536644,84.44095370474551,2,89.27985163340031
93.42995640947302,3.8483557250600944,37.36757197345396,80.06563549618917,4.793683816871548,90.08260572152005,2,74.89147568398722
61.17979192597263,7.095274152360814,63.5327622492096,90.24202478620904,8.746365531228085,89.1404859787356,1,100.0
98.16112697203056,6.476698388407915,67.5814750374598,50.183705714615385,8.39800748355881,55.17728928561475,1,93.9031436789119
50.60772373449082,4.969113826906675,48.664984166192575,41.1486920798102,8.535209802075109,78.1064040422478,3,72.8482885435626
98.49394133538195,6.1691444647592855,92.84173082993082,86.7461551837472,8.957663879136932,51.898393826695404,2,100.0
52.1579955975288,7.149608929109435,89.56727665623453,76.58184550915695,5.0415769500425895,34.26338802646279,3,89.38677946692837
94.55715568490356,3.828982251557231,78.32859412735435,81.97837417732731,5.777196686820309,79.10956859220596,3,85.69400899745635
76.385055454315,3.289232130942671,67.00319772592175,90.28929849931856,7.346095149624333,30.68792867988515,2,76.56390168916938
99.64823980596502,5.673153698945093,87.19814957886109,88.16865608947003,6.419012699303236,58.6427811220942,3,97.07170269359585
53.68982823676994,6.65492159358881,42.83914062940777,97.65520881572948,6.0919476668916674,53.0565488511453,2,82.36052184271375
77.69271422006604,6.33599594343631,82.4305876564931,72.1561047311271,5.789056246677966,78.53642769631966,2,99.11381843616448
98.46512678095495,6.584695542010442,42.489248838010894,69.30973795959432,6.968903159717261,83.63718309322653,2,93.31754292072529
76.15489220850745,4.049083203690531,82.65263975296432,64.1132319934438,6.87796714320041,51.286624517989864,2,83.43551853647189
81.46993190676312,6.7248395132251515,51.546054095081416,49.22146257065227,4.807289170321201,86.81389101113975,0,87.24833184008017
84.78743444923086,1.841463387594259,87.62543486109134,74.35643397292134,6.358699187592196,50.57417323534536,2,74.24497585116252
72.72705323838866,4.811423685725947,91.64252562952387,56.620751459558726,6.767358881049249,61.24284519905929,1,93.94340924712037
81.37790400420317,1.0403106234868509,43.92775816430694,95.27845073277854,6.851434693656953,80.89129689098937,1,67.85231777326837
79.21571559615501,3.272100809301892,62.760536303923615,74.99144825662586,5.0505359645617585,78.5044160457352,1,79.21063323787588
95.05790052454944,3.565230744099785,93.8592426897611,75.57041083048661,7.711356961261433,99.115793061854,2,100.0
52.272319017072896,3.773208841264788,64.00444615838879,61.2954796526206,4.125995474105348,45.76127169511523,1,70.6601001304969
64.04815947961151,5.868270446829035,86.8128513508727,43.11936111866245,5.774159277715813,76.36225394777077,0,94.12676266643658
97.52057420382793,3.7199067088924203,70.32389132787918,41.90462592237932,7.901063242678168,72.67773357930442,3,78.02344200464793
94.51318919454582,4.140855358357714,57.51979447517611,65.40010864919185,6.819464605277012,94.05689181430209,2,76.05683887444589
72.78283763928565,2.662808916120292,52.147013331552216,45.07392268583427,5.305812162554301,40.94534991514125,1,61.47680906000356
81.00662989007684,3.6127625414053806,47.193385465165235,76.41081733240836,7.474765596715239,82.62587145108532,0,82.11885777554154
63.86905914905663,2.5908873908420604,80.70789148266184,92.85838033837945,6.836954720780367,69.77880313881379,3,76.69226161820534
59.40605798618807,1.5123714663791055,58.19243040938167,92.97488899112332,7.981218047281936,49.22661088515338,0,71.2704129027713
73.18492024699911,5.224140153669645,65.67652773204507,79.54272460793393,7.675125930949116,63.21044399030219,1,90.10219291116972
67.66761140130264,5.677489589885114,64.53952880007091,52.67390988837586,7.050539610181174,53.364361794885845,0,83.283233961293
79.1828055925436,5.336432422067301,69.63674175398788,91.77980988153232,6.44088837655407,70.55193819519226,3,85.2937843224486
53.88673184824924,4.244458306604006,86.93462873747313,93.16560611879248,4.665910628337617,92.23004275702661,1,89.03964609651025
98.71974038330833,3.658500461254609,93.84436061500577,51.79921509717752,5.306665089426919,69.85134890885413,3,87.70582879515041
99.31053722398013,7.043335547002776,59.45505251442901,84.24556514624064,6.095497364585427,74.22056928286088,0,100.0
84.90808570098726,4.633572495953526,84.65113532637818,57.19117293562738,6.996496435031943,66.31234929802966,2,89.73115717881188
76.80481831720601,4.3542731434081166,80.87166767928306,88.15841874117578,6.568539276076525,33.581585451183315,2,87.97026406357288
65.47638081431639,1.1794944606450497,69.41173708733439,99.83427399421616,5.440922629797647,46.3000989813266,2,61.870584040548465
90.68975098534743,3.3887347933830947,92.36282861671599,41.80156031976357,4.032321788948552,64.44012106024579,2,78.66980461074229
84.23655862769397,3.6613693315009996,47.02847093170416,93.84195194745593,6.4811961095040695,51.71646986212933,3,70.25156134089802
58.130846967244565,3.7917594662783034,41.55585261857728,77.35783201591948,5.428129942811216,42.7234518432836,2,66.37847569822536
95.54635922469213,5.061206584591326,86.23771801732534,98.40295714988926,7.673041503552676,65.28929893429068,3,98.37628578996564
91.12686214615846,4.7352178270881495,61.34898899802489,67.90057105158566,4.119731326352418,52.59668554134952,1,81.88573057060185
97.4899956645962,5.255335649554112,85.81813125242363,90.84327583428242,6.924139056528954,48.067535022139026,2,95.4538439545753
86.28597541941801,6.3541828307948975,88.5854123117249,43.743644115896636,8.707371187530327,62.47897922082666,3,98.94901692473573
80.6707597967895,6.690900171012654,38.74745561714428,60.11674300469774,4.872046335557497,39.32989806575212,2,84.16162219165237
70.91215181453094,6.0268615335854605,88.00788577916364,44.0209922650726,6.358247453752977,94.94220131527851,2,90.50923255709267
96.63642416770065,7.688665871684543,61.89914332216533,98.52058800874423,4.457109959085691,90.73914685434673,2,100.0
93.30319447502042,1.1276280787345314,65.62594934025392,89.0184344363102,7.128409561306763,79.53344100183747,3,71.24431490150099
52.26093350530947,2.370445899784823,72.59555066559261,91.15284527475822,6.752658402981128,37.434967931191935,0,77.36404042594641
51.3183487248626,1.052940124846995,90.58295640380521,96.27791388603364,6.036827621064162,84.31140781287851,2,69.97110154080187
68.82316834390248,5.532322999082221,36.14696566578584,45.10620916718712,6.606885107368706,86.55701296763132,2,66.40665038007775
90.52766653909165,7.286213842649908,63.610608099069026,63.1358555508,8.482873292345051,83.74352324000364,1,100.0
99.36380646574722,2.704376076034095,76.26332254583363,44.26209334264013,4.981471511555335,37.97761209834688,0,78.9551750301638
57.52084455517641,7.4892418135741465,78.3624174618937,52.64758609300172,4.112822558526736,75.07355699474353,3,81.86039935649222
79.70653576760675,1.421871732026926,76.55194589222648,53.76194662226034,8.308324423495506,88.4027357024579,1,74.7147576165611
69.04454283155107,7.5410521876386,43.06610776448731,68.14643266285472,6.885585411939532,70.41473808537674,2,94.17315865427632
98.49571989073016,3.461358810677441,52.963735302300876,56.11373004721855,8.453292277309213,75.24851626596623,1,87.08694356589493
92.10594615678544,1.7099457991445157,56.52293152502081,46.058686409065665,6.984726117065863,62.08544355984143,1,70.83051730409846
91.91643523555689,4.401102314304279,83.2662324607703,50.04946534564646,8.050805449798514,67.00951239188367,2,89.15031299561663
73.43465798974852,2.7974359740435557,51.72559234487318,48.836533813125456,6.14836681677574,32.406380084620764,0,67.30360314204934
70.74097511688326,2.9941103137334597,47.64229783203219,98.3846078747379,7.749299656441344,74.72741153812993,0,80.74769017418159
63.670353596535314,3.1510297544840062,92.44688114228578,85.55755041510841,8.56520733444928,35.701304902381146,1,90.14218090562227
52.81877483254635,6.621181284828644,35.531797106808135,98.06568791617372,6.860614818611031,60.45102160381563,2,80.17785828823928
93.23611881275266,4.774128936726782,94.8692513409187,66.38442919047452,4.903925752811897,50.48585683671855,3,84.37534645167426
90.64505045650388,3.1791538940920256,75.60927793144373,56.702108899759395,5.343988075150991,68.1799565148199,1,82.74967483844995
99.98588366430653,5.272336483176429,84.70815796694703,87.8975918325512,4.993222884487029,39.339143486624494,3,89.74322106481208
99.83184185369527,6.013054719562355,52.67716378077159,59.57523508246881,5.234285137978665,78.41503813813227,1,94.21655252128461
77.77158528013138,2.9083680051347365,35.858916660023596,57.9630024223209,5.532077246755182,85.65080758499292,1,64.16298107412318
88.44937075902553,3.8948437106774607,79.2721711136918,53.950359532469875,6.775668933765942,41.434811482020955,2,80.56878190388794
97.23828649412141,1.853202653358633,85.04867582004054,47.78073869345412,6.939958147319164,37.30191611463175,2,70.23825306721736
92.48236953387058,2.268045446742762,79.42856791721115,55.387783661005955,6.132498736209305,40.18608379511514,3,69.279132961003
62.36740508715988,5.76782497775488,43.57101723805032,61.31918490843326,7.077103899104177,91.39892933289512,3,73.44024873438795
72.52720676550467,2.2700684338693886,80.20567533541814,80.43965248874383,4.407874628056829,66.97324832294493,0,76.03360782192816
56.45797075757475,4.676143685669421,81.13536692645846,43.753890533167095,4.438941185290799,62.70826972052518,2,70.41595398562443
97.70255136293612,5.9633238320570285,74.5124309402033,52.630416379920575,4.859147301788292,37.4698273371648,1,92.15246820878826
80.308731722544,1.7481384616632067,80.96695596773517,88.54141841750058,6.590387490201724,75.46892047298732,1,82.2511732527516
61.43214027517314,4.971185537402325,85.75528638066393,48.81531541502625,5.069973393491567,90.7599714326563,0,84.21639470729508
83.58503422029284,2.795939485909546,71.81624685424751,60.55870879135129,5.416422017462887,87.9730108526417,2,78.9571870052749
80.90641202289478,7.740488126663059,40.31628283818074,91.87953531148841,6.00156418086497,73.82382962865609,1,100.0
67.90813590164203,4.384819527039474,64.25766858003266,49.29551866860656,8.059330620051899,35.269510165617156,0,81.96098460670109
55.67787960998145,6.641947848426106,39.6589600802963,44.96421013709139,4.069310679564301,37.86779190232091,0,72.98969247746619
83.57865977963998,4.851585795093833,59.45258186194585,69.07227970480065,7.246894101183112,33.45162909768773,1,92.48222033084514
76.01538504518966,1.3038877299837341,59.42638934753766,58.14517067671218,7.344382655203427,48.02354515447285,1,60.80642239567135
88.61591958678196,5.432059629158156,38.960590648414495,73.80450186903124,7.9932789017831825,39.49630270122644,3,78.63884201232251
76.00817505559966,7.659823395446599,55.92923203816876,88.22829342900852,8.663764695301566,48.20336281767037,2,100.0
92.609075015927,5.211282741024318,41.65988592747889,48.22890928916459,4.100689244746449,56.95406390032731,3,73.24275862080822
77.59534193872427,6.734322015987532,83.49411260055334,74.84194507325711,4.768918527566081,96.0087948849795,0,100.0
78.04689857676931,7.189445243438855,91.86128155786824,70.33052562339184,8.430856470279966,72.72632418471844,1,100.0
93.83268013291726,2.5965584036425273,39.338988515476316,48.64472716079197,6.292592810935076,88.44816499780737,3,60.4241826840448
70.17414331061985,2.4843138793575865,92.30691243750209,77.43990913173894,6.822953194667317,79.72460504986326,0,86.35735959350595
56.70076142253204,5.276866921956942,66.3545959602047,56.4184250716463,7.315136018615737,37.875219136864224,2,75.49064131118193
51.43913381566695,3.877199288646933,52.973940677232434,69.27005911264075,7.395333022478187,81.51442844617642,1,76.04209912536197
87.75686278368096,6.879029120067043,39.61172451656981,44.93633945662371,8.658702016582541,49.25692170913871,3,82.1209940950334
81.01547756767323,7.300161863786078,65.03745608422507,67.57504343281738,8.984747087058349,74.73754928962944,2,97.31253389586557
85.20398840496118,3.4739496551190268,82.67093266944492,58.38780808256922,7.600787304654701,53.86733815500919,3,83.32374275974126
60.64820807544554,2.6580939128213745,77.42518863600189,89.34287267112126,5.436106046025754,99.83705842852615,0,81.41199903528174
56.818573779338486,6.463678606707033,38.01356068783843,43.4187236198421,8.398762011471717,48.448603564774444,2,73.43695850322564
50.7272332833941,2.923642248836953,39.374110122074214,65.1164364950998,4.246104572703808,49.53913295419888,3,50.284701449115694
67.52937794032985,6.758300229595749,59.17239695795823,67.50588544788627,5.155404264372481,95.14705788936789,2,89.20560765619985
79.49588434273166,3.96616777554134,52.717429642876596,83.50036457794712,8.486928587318573,31.725108324542585,0,78.97726715616238
69.61220225498661,5.672849295040293,48.94305938336287,74.45725450541266,5.280957572196774,78.76822915112379,2,81.57187397790278
71.87374610118646,1.6687471968426772,51.86026993452282,80.03274023165086,5.103255298108742,80.77284735151147,3,56.42379984485299
95.20793472468742,5.367015272736011,83.20896459781308,86.62295713910537,4.690626465701236,88.54650041872796,0,100.0
67.41277335116501,4.162373751160604,90.75368321791123,91.73217841949133,8.295558788234583,98.21075174469327,1,100.0
75.69947445799053,5.106259242228319,59.30616167165398,58.83252980334823,6.500291295955433,98.29213434096567,3,79.91801513041761
89.18265063705715,2.176099454214044,89.36666012794981,72.28136232183418,7.374466015270774,34.569373029652475,3,73.33959580769647
69.8271391160635,6.158116214609275,54.28974207487292,90.40648470635199,5.195331920375148,87.52875259270317,0,93.43254020200348
81.10433501139367,7.0395795428026,63.586219180627495,99.36706785790338,7.790202105056082,75.24169535601669,0,100.0
93.11818543733726,2.5171786006354298,48.56173986895998,93.37115866262579,7.800027724810493,75.3139494061164,1,79.83869385520349
97.47603118288211,1.670001888641132,73.42856253055064,62.28803575746261,5.562990124541501,38.98449486302864,3,64.58994311654196
57.3536740464519,1.1654701023243548,93.73886691048853,51.709991033119024,6.053413165051414,75.51310165119574,0,73.00949141670266
96.32938125807472,5.493800503102862,71.20958576260273,69.36355224439532,5.048451387151005,98.77378064208735,1,93.66499137736925
74.6058146539769,5.249658252621465,56.46884504681293,84.49848711016253,8.882805116614522,93.82729986776128,1,93.90360321394702
62.91221941494792,4.82688188899849,73.86904675943171,69.55414424519785,7.228012885292058,60.73914625633954,0,83.5832520720943
72.95678781191307,2.623629672811828,42.375240707923254,68.9908517988201,8.672719403577577,32.796358130026604,3,65.31695922135667
99.00162876427385,3.736341971338603,88.31954481592392,90.29382526490804,5.516927718145666,55.36054430001434,2,89.98827605131922
74.63090469964348,5.161334346303211,65.18503704679019,61.68422674403118,7.909454564984449,87.84732181203887,2,85.82427157615898
66.43758051437541,4.477368012014185,61.960984522378524,91.58768048869874,7.82929321942371,79.10493710256162,1,94.26608868613368
81.67004271583629,7.914498641504212,70.15188730721115,64.40828805710342,7.458278259332708,62.154055891576945,2,100.0
62.00728093890965,1.955078267897132,72.48703176736414,59.69398634070036,8.828194876334003,33.857107461118176,2,64.81072479143612
53.7931664054332,5.866011878333157,39.30654837359078,67.23939467198194,5.9677766805315775,59.882630947631185,0,82.4605951058646
56.44398609553246,3.830231376730045,75.95703327340414,85.7468175204921,4.653586617948786,62.83174578025184,1,79.8735791763023
56.40229194788862,3.9973973044793034,49.515900818931776,47.56012167183965,7.358544296220304,94.99888730258952,3,69.65695068758194
57.595134675614716,6.023184359607233,77.83715795039538,51.78515295232104,7.646549002386031,74.87602725075116,1,91.2573029770183
56.94135863247051,5.847053059270587,84.3520876630518,97.08668953978551,6.8753028672940735,51.81570416582542,0,100.0
82.04373724016074,7.938791955915319,83.23751045315122,50.52949764288144,5.034089465666981,66.7722785115505,2,98.61351692181205
59.09400421995724,1.8987600261788766,68.15005804447335,74.06363907586328,6.522279708346777,34.623871547551204,3,62.04193517599354
67.28336416619317,1.7287675456891645,66.21019353864507,74.75886799971627,5.5609486828456465,98.07977649548158,1,65.39244047644297
94.8394204953006,6.070371719901188,43.5725576803647,69.37746772301469,6.137332640833446,55.20419313515082,2,83.29159436737207
73.69808201314362,5.048708419044864,81.52076902418813,78.68471491460912,7.226092879223319,63.450714843919506,1,99.20581897856403
83.37788692605136,2.919124665918641,51.28456282680286,53.789603547857105,7.726073713454173,54.86987819658458,3,64.3629429753888
58.61599356008149,1.5559355829229062,64.80172536907679,73.15973606660489,5.161123454506716,77.77582110813401,1,63.20566877469188
59.61445094043354,1.5996077471750136,52.056445575651004,62.33039531481383,6.026626803234767,76.35625108307151,1,60.2324165933059
52.043430813323944,7.259336122648828,43.029701779981586,79.70003557775135,5.345807854958146,80.07256173703949,1,83.62373612252043
58.44675315360823,2.3430712730312004,72.77346181350418,48.47341260238897,4.993158069309345,48.770026072834455,2,54.746233847504634
63.92951695159793,3.2636009348086454,38.25992208937423,74.25264501036858,7.916936099979192,52.09679368148462,3,63.07157381526636
58.85052421383734,2.5865948155889162,79.918714047572,51.11622132299942,8.546263472184961,38.767586176734554,3,68.72299016772192
54.43512668785278,3.484974140823561,54.055207715666995,56.71858378690219,5.851160928422884,75.88569802922788,2,66.16962237857639
56.03179355503004,1.4859668992226536,35.00808158026912,53.12258801941499,7.756394621868834,32.785798913495675,2,49.46373933335583
73.03893840163629,4.633418536357892,65.6677483542338,50.970266792129024,8.484976446822056,71.83776348664213,2,83.40359674206569
60.31668592028963,1.4732879451455043,37.811114511656186,89.54265709364002,8.230621052651157,90.87871193961436,0,72.82214754124435
68.21349305240378,6.602495554756531,51.57017346925397,57.14245405965342,4.914066942696129,92.35825038027434,1,86.19021689961966
75.17086354274284,2.6359845733730314,77.41858924734296,95.62742691186696,8.781459407566807,61.43264322589732,1,84.7677217928582
84.51974143146826,4.780083402231574,38.76137729731195,98.19559152071145,5.883382202147312,62.151258174915164,3,75.30063098187371
51.965606992054944,7.160553612930208,85.36030954136014,74.27562819622584,5.696203305869181,35.38784281056122,1,96.61455772696875
89.97051994545214,5.556141583330359,35.22919535951499,48.580067359943584,4.3121566363889015,76.9535517810125,0,84.18632970409706
81.39501947454539,4.730704505859347,49.809432152114134,62.47289460277487,6.430868270524416,87.48815942609919,2,77.9724115264075
54.08795159744359,3.270336271807629,79.45424336912428,87.86393580089285,4.545068078204643,47.125853822329915,3,69.284657959127
93.67893120533887,3.3310133914073856,53.97620898375841,62.04344372182423,5.24269910463713,59.49106171433553,3,69.33980915802157
96.04362002659066,5.686408686387331,41.11354328396081,45.221033098167325,5.584713108836407,88.71875357356893,1,80.82155294201135
53.05389799274319,7.958975528548173,56.61403512802568,73.40709465569128,8.04413161745842,91.39843273636016,3,94.6902899882425
63.843882407360184,5.63287432894565,51.22359718307153,90.70725108976208,8.377443251979482,47.02259861849582,2,80.96643973836832
90.31006398965306,4.904483921590174,85.56271412963329,87.75558322861013,5.512331587307348,68.5399444178955,3,84.98809083424905
87.41298451918291,6.114553571674723,53.80087505510859,50.507388407821196,8.29349060622287,43.4745205445079,2,87.80640803048924
59.226050967818864,4.256439285986027,82.33594830656043,80.365876864748,8.286154686848956,37.131513489768956,0,89.0169091438567
60.467466166835514,1.4209963982054965,88.51232868864409,53.23025580613883,7.823254751924368,93.77843509743703,0,79.36790643836473
68.5236051395691,4.936077711145368,61.02904517459177,53.09245207313033,4.733475570075908,87.43552529624765,2,76.81450968573928
74.22614925955106,7.703376991537661,89.59658863126353,92.44430639831111,7.451614234503645,83.20244312622216,1,100.0
80.9127385765148,2.2271205965036174,57.63908323779157,54.98013716441381,8.725120322902843,33.41364231691983,3,64.51273821542524
68.44568197848862,5.830034235744661,92.8447049894065,55.794840791080674,7.412702393835785,89.06101548971802,1,96.09414761150389
73.1267358066574,2.4065358206133953,40.35737147153438,40.03920344567797,5.65808424553917,60.66308531337686,3,57.3265123191307
87.37354690668784,4.750793791311569,76.22115599019457,92.24014204753107,6.502896587154156,53.967658630710176,0,92.26569444488287
51.834160144529896,1.6767351475270373,64.62884242741572,87.55568879254808,7.228625216755268,68.25334527177635,0,71.96774296143053
62.62184721720104,4.152596553807296,58.25892832733882,77.63973610544068,6.552852043642518,36.394726990648905,0,76.02935314870263
85.66747929422762,6.2931433022667225,72.96271272491606,85.01594583633053,4.599764708654849,82.96525845466792,3,93.4477368459624
94.76034188435997,3.4330006696728743,77.23142549805988,49.12291404546951,5.560320223260103,70.77045538218071,0,83.85832835236853
75.58387210578331,5.654382071410526,35.261796179018546,67.49941567525453,8.011980152768164,43.06130678112173,0,82.8662268079879
76.60567426326578,6.568149725528104,45.01718532483192,61.07316324092685,8.307090230477588,43.17625398383319,0,94.31942405837543
55.358600566988805,7.490244736356169,77.78276303805913,45.62659157542099,4.686500163577851,42.8974056100872,0,92.45279410610657
72.37061834117273,2.642494572988175,74.98312481469239,69.16782911289545,8.761933761993623,33.99016712863538,1,80.02952591917614
76.63086332275115,3.795211410665157,92.96285030772063,95.24437902055811,5.644113089243047,71.14589145601794,0,91.93657917781142
62.12352518173648,2.066912093312922,80.66226741504698,42.40354714304167,7.3115686936536,88.82437243119557,0,72.60960159752649
63.46216154746905,7.947384515108626,92.04636246388029,57.48765480962763,7.759125729783406,31.224874979117203,1,100.0
68.86420815523113,7.4890067754700675,77.15243009208842,52.45245617234221,8.059731173189416,33.43032514798915,1,97.73742875656797
51.003559888886315,4.779699911963917,52.883132518366594,54.28879921994178,8.728748511129652,70.0939193680862,3,75.45366415252785
66.10395827915892,6.894233060634949,41.32189533505139,94.50607311276252,5.564597740144113,87.36469797702367,2,87.89037644643926
60.572400349827234,4.646705840904295,81.90943180069613,68.08414325405741,8.292532272757771,52.87172233980435,0,92.62092310000426
66.37486760889573,5.365099816019318,73.64895328855496,67.97796477638913,4.6584345171810355,54.47300791654055,0,82.28587554109299
55.98810659096256,1.6238710248121162,37.89116074359777,85.63453854731694,7.5252045317679634,71.74425482477432,0,71.4196508122861
94.52636403699475,6.286892943477655,56.6030279540587,49.26953224029555,7.7098886475699295,49.19490223869029,3,85.55761731096196
79.67962267770244,1.8939943854466437,92.40798892905717,69.23592124600304,7.388616206006603,31.862585625437887,0,83.5699332139659
83.95511595722448,6.782473411767699,65.02406874261207,65.79911284726359,5.261573680675765,81.46599626711173,2,90.24194977756038
89.45856193036691,6.474196613692701,60.96374816118228,75.81464143279936,8.365215735076017,73.79549390590171,1,100.0
74.92210994645286,5.961212884200835,62.46197630955764,99.97346219502631,4.844292316851975,70.65291993389613,3,82.37044096893531
54.34601440437118,1.2531226636733348,47.53296344030982,86.16693364492284,4.268173957604154,81.91788902942761,1,59.404085611002365
76.85532709092739,3.1218984916173005,57.122430251887714,63.87194218104563,7.587324953059561,77.26615862934263,0,79.53142179489102
79.34205590104395,2.8417879893759,57.188795359230596,89.65318313644282,6.377378576163668,44.411739172482484,0,77.96546978670618
87.2719737092165,3.5209548523006338,38.14130121124835,50.24250179874881,8.245490099793379,54.67367328603458,0,78.0902042551138
71.58297731148397,1.6134992273468698,81.0540577110751,41.827821178537604,5.916985705291294,38.82770991750375,2,58.99360355780644
56.37901513977819,7.55870476121744,59.99026591423274,52.26690234785639,4.8413929425385644,39.08999093925167,2,80.44475174765502
64.18879528993622,4.876615684986634,84.3307932089854,60.42469336685558,8.182210962349348,77.33370224495775,3,88.05354444309914
68.15411481993175,3.138670174606165,86.02088006719373,70.6348454475736,6.744548158200359,90.10200748877487,1,91.51962616322977
82.29586206658007,3.778870619519984,47.71964328191949,76.90774843247199,4.9459789619517744,97.39128087027973,0,80.42241976730966
78.53891523344559,4.13041778353385,74.44120893020772,94.63634303286531,7.6019199929322285,73.98429822846111,0,97.26336426083286
67.80483629489231,5.204160333524321,63.3369082497789,70.59124057302746,6.555568192447502,42.88709263526699,0,86.25045872633413
99.32576243964898,4.609755993875485,87.8094042752891,70.07653867754377,7.021564911201599,37.39552418142515,0,100.0
80.28874096784436,7.435743812500921,47.94444075058725,43.01458058937893,6.30449169103291,86.89956800757304,2,84.12926175158385
61.86133958679972,4.478744380340812,75.66879201860266,42.09469315937343,8.143544919090033,70.51295334519995,1,84.40307970525895
55.089123631020186,7.945106103763189,71.46512733516334,73.06959771498232,8.14781357841525,73.27995147096038,1,98.8903233060567
57.642956959216605,6.9599747042156705,52.718088654309966,66.29071679490067,7.546944109121931,84.70234621282964,3,79.13190715636645
62.29788641922541,2.4595736005013507,43.196054219070355,90.35082369881792,4.527006886982312,79.22940594127161,2,63.138225634340856
58.03406866297779,7.514166502507414,74.09838562863659,49.64077508271071,8.194269309520344,88.41207769992677,0,100.0
59.32835120256529,1.8145647851983326,79.31584748793983,41.498299727022975,7.355064902664549,33.934973382191494,1,65.20710970226175
64.25475843469235,6.722147959438341,53.937640625800995,66.94232607580756,7.485120830021497,82.32644457225534,1,92.56863643039087
58.66867976473774,3.664363054336061,73.68995624133882,54.24871340513545,5.814914202019358,89.55969301254669,2,84.18054111530697
94.83827123132126,7.1458202431154865,58.7078544566902,42.97686240033025,8.396397780785033,50.029452972082005,3,90.77685660358225
54.01168728308211,7.076396830752152,77.79241299695707,83.47589721085774,7.626858001174288,74.8313091795277,3,97.31065009514452
76.22556947851274,6.641477800823348,46.95291649364319,46.69557999743485,4.562952332645972,51.991344468588046,0,81.91965950083659
70.51984134948307,6.53021305414943,88.41290015817046,76.49917000046631,6.038890172030813,97.05797465377178,3,98.42305462272546
99.11893084543033,3.1327539736862855,52.244575787934785,56.86298501001335,8.431901809800708,32.33965007048526,1,76.07344412688302
55.60194510840262,1.5664349813587652,57.06715926536917,50.40976302130132,4.235983508486895,70.58549906830686,3,48.93313763689558
69.89277995228709,3.8208612513561304,38.48551712482099,62.78509137515905,8.807083098210247,41.65524829346606,0,81.2826677133263
98.47352166376845,2.214671604905561,41.690732739276584,88.08674657337721,7.395812841597814,79.8554143624011,1,79.79701617405982
93.27535629469901,5.864657622317232,65.95171416273969,63.52561461427436,7.156879888216883,42.31231983930635,3,87.24794751405113
90.85360354746399,3.4226980857644986,51.05556060367829,85.04617895266334,5.352796282439957,46.476828332885034,3,62.7984457526548
62.895141352246995,7.829271406019404,85.12881354453165,47.52917780794904,5.243958943695885,64.60595677320308,2,94.25889193005266
58.54437936950329,5.4868045414173245,35.88160331929723,86.36628517990475,8.710291097442976,94.03844649978147,0,97.7958318918415
83.43216099622154,6.7573639454405265,57.74564292031617,54.215999494398915,5.491362271170614,44.82000605035796,3,81.70208487415952
96.46879945637929,1.9276727091929389,55.24073280614556,80.64358779333236,7.8775264835949965,40.096801478267245,2,74.67526727926176
77.83814465069649,7.034101375908358,36.15965785505606,73.94689329045978,5.9656089910353955,83.12837822978214,1,94.24795017067368
78.580634473495,7.45930033359376,42.462103940030616,95.74868303270124,4.69627035392352,65.04336726337516,2,90.66733138133465
63.998954683014205,4.409433431732552,59.81856049511812,63.23935107851884,4.053576488476795,93.82495786672399,2,71.24261277360038
88.47464665959684,5.243770564256842,64.5718750668468,43.969911330066424,6.7212866850762545,40.26301900118896,3,71.04376964769031
59.35218742787617,6.353668606320968,59.25738483529214,41.14932913307518,8.878894092744662,75.21495251161275,3,85.92016840020645
66.18396182021218,2.2238703908228876,66.85626070472563,89.6115136583652,5.845680969046022,46.301540230627054,3,62.731997531013434
71.27182193082083,4.517962535244097,70.70790049434089,71.48413825968593,5.785961669965224,40.97323000561475,2,78.9768656457948
75.38051893422275,3.7906411944061915,35.59542926767014,86.51464311009696,5.72045808924721,77.84005906100893,1,70.16059607151831
62.12048662075401,2.024617945135744,62.845709567210235,54.065536000690884,6.602719186524292,71.55792339361133,0,69.07624841109534
55.74184123696018,3.57274095604072,92.8099544532553,60.70502473079402,6.203324417121468,82.83792208536319,2,80.75241128067373
80.53100212208163,1.477206165698455,66.14193680777292,41.80623233267914,8.399573133635073,51.66238035123277,3,63.376912190668655
64.43152766201278,1.1806833486464088,75.65253604753718,97.68953947444673,6.527603958617451,61.3580159467533,0,71.98545696091574
79.06191107113061,1.9461640240837594,53.71183147501299,80.0720744020488,6.538789190942844,58.383017343129296,1,73.17417589993882
57.718135763710116,7.741805781124217,81.43948268916574,95.99230526555837,4.691857973602783,98.88626247765599,0,100.0
74.05700509274087,4.846706751265119,81.3752889125669,55.92978444574434,8.913697704551929,50.45742697175715,3,80.69671884042532
76.62947162757929,7.76075512807254,66.27776285924834,76.68781667353966,5.249864454344149,50.63720668427368,2,94.75255064190928
52.591176841121346,4.027485148310924,93.56082939675281,80.70999809755827,4.366820337298013,54.818374618002515,2,79.14901370691413
66.83021390969603,3.182712931596817,42.533012885759206,59.05298201545531,7.315731244876044,69.5215856903225,3,63.96284796626897
56.72073384694871,4.542993039881709,36.01685989337486,90.8865541009378,6.976831850784363,47.66259209846217,2,75.30347317442158
53.168748523638385,4.076581820430371,81.20949270542576,96.82968777401487,6.0757282699637285,94.07029582654917,3,81.75309939698427
99.49801161949726,1.7396527898322074,83.42933224189295,93.09130706176026,6.1109611694033905,48.597989540638444,2,78.31322442465672
66.11769224873615,5.485784202831444,42.21243374723458,84.34401855636236,7.925319605232156,92.70710120921362,2,81.77958855921557
90.49372229273175,2.5122672775671973,50.93496997751636,56.64788078349724,4.978563200498245,37.243254455260924,2,64.58086631234809
62.732032738188195,5.337115684284807,36.05314180199773,56.8969625263379,8.101266594724448,75.95938916797566,1,79.93387118709245
84.07513611119646,5.551407646787074,52.598516646833886,97.80161922676228,7.24373556947509,93.48898629067706,1,94.59814992037455
88.01139299448432,2.0641739719005368,81.38851243512029,40.61706975614152,6.094848868897622,41.81246068787607,3,60.08918237854332
79.78193703039221,1.4294473897746771,66.07763166275474,82.96299839452867,6.290143082919343,97.78288720694785,1,79.0631750846563
73.57880942750792,6.4653311024790785,55.88573559009728,82.37476975331573,5.283236035930479,61.701835229085816,3,80.21796923932489
70.59204570736343,4.218602966385241,57.30435769437982,77.36137245698785,7.760571663484874,96.20005759087171,0,87.37425220820882
67.44341332714977,1.4071465685383306,35.08121754292809,99.40653076521195,6.564373711526339,77.3774030541033,0,67.90128164747284
96.4764572123913,7.96406422018837,52.98803165391415,58.712766145823515,5.604272713749218,51.1110808911486,1,93.54891669223113
91.53097038938645,1.4044639269745665,73.78752449827583,60.398311827594895,6.9802505788047515,43.18117674419745,0,70.32260733364193
98.25134553332563,5.865246602009872,93.45166662898143,44.73636417679333,8.978672260256616,51.26145323575696,0,100.0
56.21486117427724,7.885752476843895,85.82364961903397,66.56788819262425,6.176311398282769,36.51121864838725,2,98.57074825379993
86.54337376018222,2.674260729511479,36.41569787873175,55.662911574090884,8.603457003893098,40.07075764403308,2,63.53255553733754
96.91702284105189,1.9957455808103732,88.91363628049035,60.60320213065865,5.725084199622831,37.32623082425368,3,80.09130543509917
59.061653308283006,1.8496945759570023,81.99190479791756,90.07430741533766,4.273663534624929,59.60604806190904,0,70.69438777166566
53.32481336833887,3.1229260329731687,81.82256741425883,96.12907081164974,5.0212105318421445,85.69048633803105,3,72.09284031175936
87.05603246450295,1.7073206770745268,62.47974554021429,51.143984320311134,6.093475716638421,39.89684879514381,3,57.84378859031921
78.7236556589956,5.845129391858923,58.88031757727017,62.35053589320795,5.098174642972845,39.12243032206351,0,86.82505003182348
92.0914388379136,1.436042586910439,53.174943729991554,95.71783372692364,4.001135191091278,75.04002646621316,1,67.00432189261888
56.988618831314476,4.5659548970485275,38.941691537261946,43.70850764135336,8.575007688737635,43.802808737764636,0,75.83357475214638
89.76336559299452,7.976877976970838,48.69412180962195,45.54163168668271,8.219397056154644,36.83270266762941,2,90.46284350844836
60.08136600238723,6.697791886542132,49.79621809868148,49.76745935237376,7.711461157434735,41.679400474390434,0,83.35530417256638
58.18279714328523,5.306536067617076,64.0446241826121,75.71277004761248,4.839072978230143,94.66119771137433,1,79.48916403803831
58.21328989654965,3.1437753455062816,79.84666439580164,49.02833626035985,4.60181788104993,87.50298769433336,3,60.952996492357414
90.72873601156911,5.367270854041469,63.428589703876796,98.08458288704401,4.338023747361916,54.784519364856585,3,82.32365818952513
83.25986103481,4.689290247381561,38.47066696682964,66.80287163551122,7.620145943864606,75.90745371291749,2,77.58815060108667
76.15327123845597,3.9825836872326006,92.46738805929223,70.09107762100999,8.644039803439426,67.60929715676266,2,89.55214898489893
67.94152420617513,1.9149726371813962,91.56345914564673,54.79951694832439,6.152679104565185,77.39869844377947,2,76.62757875815448
93.86002704065541,7.206229506683267,82.1113725889045,68.257615146084,4.595703359980241,77.78698067239316,3,100.0
69.62225537113177,4.148492541749258,94.47967409385323,79.71481795822069,6.561964103660532,74.0113810541995,2,88.48869605526923
90.82997197357886,2.3623575827453553,67.66893996801578,85.07062821724256,5.74415953729315,48.6270957976116,0,74.00832384620524
71.95674542851091,3.5743154561410275,92.76610101519236,85.23208496259478,5.8741246217499885,32.73044945339727,3,77.19874828002881
68.84722147124538,3.898908267702489,39.53630243700505,74.6734667616453,7.106653120778536,61.889674739307615,1,71.92870591184646
73.13398928348032,6.79276526896812,56.940844895682275,94.26158649963143,7.593590566311011,92.36817192834927,3,93.26470908380885
65.0688937082071,6.135300663929814,48.52287608040595,89.04447083836656,4.5530179943658045,69.86480809630032,0,85.60317559783417
87.38046900881255,6.385134255489379,46.7499850480562,85.42288688191752,4.177951154032382,88.26737291913355,0,91.4624445387176
75.13601950462396,1.0772188510005305,43.44817693356056,43.33633130082764,8.971651513428574,99.41370400728597,2,60.67324951101223
61.61063475734086,3.9130779872583306,72.34481849395979,40.41267773317896,5.16364174457776,41.45313428967934,3,63.21883771760139
94.97872866372842,4.369409061447265,81.8793113448383,52.74683663172838,4.269152624542295,78.42443473993876,3,81.324326187148
69.19456106866056,1.1343459377613967,69.69790396522164,79.81141563480713,4.9493766454795995,77.20055015900172,3,62.09163989190062
77.17764305569943,2.8186924612152398,43.817762575292576,64.67184933295275,4.194789231742321,98.59688131507949,1,64.8924284231919
95.32360554822735,6.322028761854945,83.66742619600825,64.14437555795871,5.959054473085859,98.99205137669603,2,100.0
81.21189979569961,1.9597679401029935,73.15728242982371,93.07521329377683,8.012008922256621,78.06750282068907,0,82.84026760372883
55.8449020354182,4.747170920168141,58.28994236761973,93.73377088791032,5.7062222487886025,47.0530354387536,0,77.71622955140337
96.99160618067376,2.5064131041206625,75.44781773216377,94.55051584321515,6.2209170343918325,85.89890866914193,2,84.92136860266248
81.38540265357089,1.0848454225072528,50.59429875456997,58.832684590901636,7.377933867837194,37.49203939477267,0,61.75734723016531
66.7452807328543,2.6884102031967902,55.71153250965263,81.46334876435571,6.5444703503494015,84.648951292014,0,78.2417794722763
56.96360363316936,7.831116284370377,90.04915058791941,56.29799087646218,8.30722843010662,93.71372869012875,2,98.78256988225543
89.7012594635148,6.610759783180927,52.43027034028522,51.43658998446699,8.330178375228783,56.79833763379047,0,100.0
81.00363779642568,7.717036510247234,63.19929608947619,51.07794744084215,4.049553477455769,74.14447064881563,3,89.93782529740479
76.67305459881608,4.414978307484537,88.40846824376088,60.52645725181564,7.890231532415996,60.10999124677784,1,87.30104406010729
94.69462915254789,1.7681533907425244,77.46328101605164,65.7974571867893,6.3036680012083695,60.643553849168995,2,69.12365568285087
89.42986056122655,4.8357164228158505,38.73219356988216,89.8569502633041,8.944202706518315,51.7259622375684,1,92.24055418587089
57.58374398663756,4.180641341919726,43.83818265673822,47.19346560836273,6.4161603793771755,83.34907343152273,0,71.60551853661477
65.5861033897774,6.910499579177312,35.470495446315006,84.09555084369364,8.934479726941488,95.53235949165537,0,95.84484069114124
62.424456990723286,1.6865780654897122,72.85530741374981,71.88729485135832,7.772846806028683,95.85256014641227,3,62.890261521672656
87.19731462863385,4.417687959152447,61.8604055246251,57.27672056055955,5.243024423066531,42.234689941245364,2,74.33471568641339
51.67662173678897,2.05034065285789,43.05649105413653,69.56917507196948,6.691974896434788,91.23205547595961,0,65.7633476846419
78.49448424356582,3.27273148823042,92.47604726340623,57.99652418662136,8.960678197392914,81.62020089989855,2,90.73470287196446
88.12293428703452,6.161499541714598,66.7795834367372,75.76491731429836,8.287653038759618,47.69861804832025,2,90.97862979194363
93.83828183808748,4.332126905581365,49.51359764677335,66.03063537131464,4.486834468956106,34.709922904506016,2,67.0707663468945
67.10408743579538,3.631217996020385,65.03621426928245,49.86433174473272,7.53185998404998,48.759808681906456,2,73.8600102503757
91.06286523360063,3.761333949990247,75.77721996410646,46.9949844733418,5.727897929354065,93.8545765747068,2,84.66310018676457
55.53158684776036,4.2161273788419065,39.57435307841387,72.80174092432782,4.034911309401741,74.32250724270406,1,62.76813761565518
92.3226145867259,6.495115806859398,51.482228902873516,94.1447819971662,6.0174048451349975,80.47382626285102,3,94.83322249753348
56.37443311659912,7.244592822581641,83.41792945303962,60.637461193461135,5.173772108624856,48.00066457763671,2,90.87908495063294
69.86436452801837,7.687342805527498,62.57989222415968,83.9800064333574,8.094346352602358,80.35717089023743,1,100.0
89.86476828897767,6.508323703787066,67.7946285219377,79.51968129638601,5.6866530442288274,31.968505439454663,0,97.14040847562035
57.49587136743869,3.207848270236089,60.96896013256816,95.89329485856885,8.137618469769086,56.27249420411097,2,68.54875050070939
61.462569761632075,5.816942942605795,37.63399655858031,89.25886103794845,4.002989694173976,73.87273439796319,0,80.9936074698179
86.1126284196533,4.0632218683877435,44.94498678920935,73.99631553432778,5.5390957501305955,40.22675958789242,2,74.40287730784559
86.00182682730372,2.7826943543223583,61.73249832451346,79.42182989404644,5.20582607153881,87.61025021128543,1,75.03830022548857
82.05738164426486,6.886101055981459,47.551127924475665,93.90318799504209,5.167836805343055,46.452190916834304,1,90.00979598100646
84.697422223355,1.2689844427362749,37.99874171958072,63.97112707521609,4.340933098827313,75.65967789729123,1,56.99913171223982
77.13622216737981,7.312333944947965,85.61897984310943,59.60768235146664,4.935621352052508,58.36379998027308,3,84.6248415263955
62.58995294534763,4.2303422523731395,93.87155174984696,40.64866501811178,6.777747849428099,71.7230516834353,0,93.67031072211823
67.28479967519597,5.460410337657963,82.58857243980437,89.59306445148786,5.456805364188723,37.52153868402357,3,81.93618058008178
59.079885840071285,5.6154774554404785,86.22709530228002,88.0588420242019,6.08697391164574,31.18389599451251,2,89.77986305969208
95.42252806668142,7.265824184945755,49.518627819022726,46.26727108600908,5.884334401735943,93.66950991662108,0,98.08482193336262
79.16958973830603,5.456687775170451,92.63761853079198,74.61144286796201,8.379524624999473,48.874100613702794,1,100.0
70.042570838182,5.297535093320432,46.8155422672057,67.83890189001325,8.526494995052577,87.37739019463214,0,91.72558497475487
73.10029018220663,1.4665642839248298,92.08578862170994,47.12254573054669,6.4647848582793,99.95452103305401,1,75.86724690746153
97.36416698059077,4.628856153616429,94.68915763795707,98.83409362364341,5.650779751578022,44.800188059923784,3,89.9500085307245
57.66757015580401,2.0511830057192917,77.70336834476292,52.88175324780133,4.534003520011818,48.56195188283489,3,60.35045688280987
79.31149160083986,6.162036381050399,93.86862390750932,44.034050805433665,8.767014396910476,76.40018513442661,1,97.99189841388757
75.2944339442233,4.5855534456887215,69.17238677402622,75.69084277011457,4.3011347245014875,97.58140442204349,1,87.39007761704832
80.57271177173239,5.761594454458473,50.57250699056542,84.33200062798196,5.488251387841402,94.10700437335207,2,83.83413577635916
50.90550919104203,1.2917103042166898,61.219753139937254,41.946606762831216,5.49033100585002,65.20128640459095,3,53.55521195372677
93.60619544720757,1.5935441123206227,70.61365612272715,79.52305832362133,5.602006430701074,85.65771977687072,3,71.05519870348327
96.60591412418063,6.0142637164387756,39.3848937216209,71.93751255708727,4.8214342163620465,39.50220971699307,2,81.5240571150531
78.25665917946044,1.5045903519907136,72.34059587703476,46.195900532502904,7.915807154618486,98.42067289428086,3,68.72549547897074
84.8325411938446,1.49879709435681,93.87067020573767,50.35143261678172,4.612489309829946,97.50472638251905,1,70.89272963728034
96.12496905886479,1.0847593266442122,46.406458987023655,74.07845783896482,7.174533295765814,41.46102705154197,0,65.59547862344564
85.36193171566993,7.695509788096361,82.555706977303,57.7814568107973,4.619230133529087,50.959618736217465,0,100.0
57.62695214571307,6.162558516213049,89.47392762677717,96.29894371907896,4.3526781879647825,37.010849825473684,3,87.53161166665933
78.81441800834065,3.472759859514449,91.62209556921326,89.12441376904304,8.547147518429384,49.02023192287258,2,93.52126158042384
80.3357523191428,3.0757490690135865,92.60813626432683,99.01403239081978,4.950643831593529,87.11690525906447,1,90.90324342502254
71.2065335651193,3.4479226082209466,66.28757832328832,55.580250337024836,8.106250772798521,56.48209250156816,0,78.66483592531468
86.82221178123615,6.422574718268273,93.63847447949021,98.18341796787863,6.723154355535679,36.187787700273084,1,100.0
96.71835073845074,5.629594277492901,80.43861242806634,65.87403218749347,4.389282598043848,53.955786734523315,3,86.98722613280832
96.27842564533881,2.2963689750722756,44.700286174217716,60.85112771882528,8.777240957190337,98.6968333968896,3,64.75731807058756
72.5419685702066,2.21876534733859,63.614006388078195,43.0209716181612,5.234805834959463,74.0778516681442,0,74.03729060348422
55.661902292037766,1.6887695479937812,78.09987052232023,43.165915471576156,8.298226726763033,59.13126624843105,3,64.31589696331079
99.24205994811672,5.622119037909367,49.840418949145004,81.52067535679927,4.844050028922821,41.6576959448089,2,86.67420761090672
91.94490432229671,6.350608635552152,73.43691101293325,67.47573966604168,8.269714410709264,99.03237580985864,3,94.9953128759832
56.233134060163344,2.8553249982750284,74.99602874279715,53.591297562166346,4.06614406452647,87.45943064841902,3,67.6726817355325
96.04209413086862,1.1466147272163898,44.76198462851396,76.83821837951396,6.558902282847404,49.703411171564355,3,65.67846302367144
93.49481810310641,1.5752016723349915,68.90511874716537,55.17148709500667,7.847212897107784,34.90480870048326,1,67.74450226882881
75.94190285630361,7.775020243915213,81.29761465871647,74.65790526066536,8.673977587463916,33.96378901642906,1,100.0
79.56377178724647,3.068113442341942,64.93373987215651,61.552524818961416,8.546010681032435,38.42647046538737,0,80.90432049631565
69.95013519350651,6.384562034866935,35.72618700656645,89.41313359670914,8.098124347738224,70.65380085300951,0,88.67099059054493
52.73808194110157,5.372644981979846,35.54230814475753,89.24176964600676,8.44095674830652,95.01343948438446,0,89.3217085490549
66.75986208229504,3.673577477570271,56.42176063820073,68.64102388734408,4.996098429185382,64.77203996041891,3,68.9127520477969
90.14267242990057,2.4398108353688857,90.57164410590693,61.04914656010094,5.420921478558643,89.00618377193379,1,81.49553555491589
50.23160115023014,1.849704927115845,48.72060677621653,61.75358779354568,5.444842624605292,61.21206339018654,2,57.68270621651697
66.6749585845572,5.305090776272066,73.06182133230124,88.34287154009307,5.885269655008495,79.60084820374777,3,80.76075663900028
69.90843467954717,6.422436464464516,48.324552241599235,59.69076896785672,5.966603351925944,81.23109161005506,3,76.11689770139874
76.86978014689615,5.507329774787915,54.300199379572916,52.54356242241076,6.722776623273377,42.177459413233706,3,76.15529045518866
95.99278082063802,4.712114932744108,85.88252537608903,45.08130051251841,4.799398816832207,55.28512412830682,2,84.48954939796452
67.31729971829806,1.2936585640214537,78.7316865361968,68.0015872530645,7.456233318929947,74.61115095766166,0,73.97535808093934
67.34766009481139,7.779421443160686,40.723956638792636,68.92792593519052,4.837832696522533,34.948762572905636,2,84.52234007493335
86.87506240548743,6.590999341582022,60.72212125918602,90.45452262417443,5.551542410522737,55.30781314340696,0,100.0
72.61089704449036,3.0497542569067533,36.75018581871587,53.274321786763835,6.51672565303077,67.43596263968348,2,65.1386194898931
61.2302411469991,7.859792305511954,63.85340879618054,62.859476420103995,7.982202807617386,99.7357145131247,1,100.0
72.62197580663467,5.213171127454254,74.74604070206408,88.50434433362145,7.697346166193636,63.21734938357085,3,90.81388273394
57.04285101898999,5.076958607450726,42.11015741588909,89.41741664493841,7.227671782052611,87.12397299800264,3,75.66981291737463
58.819349325311165,6.2365122560067245,52.333096334549936,63.076664558726094,4.778866302900851,60.24470995466324,3,80.85151940079757
74.91838863697399,6.682388516630963,58.87019753012942,67.54744139720086,6.735226728077889,85.74735058337961,0,95.79634698329636
70.9462724752274,5.595350251320519,90.17186147936299,58.197153450956975,4.437232508999427,71.67903611340759,2,94.30539813081508
95.742295053405,1.8966702245634002,94.59530092537784,95.95329270515873,5.886815883983254,92.06168090516789,1,89.48785801663668
68.11969495583165,3.3678725419614888,37.69467793973695,47.118625944494816,6.067582651449795,58.76597866450769,2,56.7247294752132
79.02941751390217,7.496585482282348,80.66047540972352,96.0249653800882,4.199057197228769,72.30130938750352,3,100.0
81.61321439597651,2.5723092829069634,57.30344398414059,81.0319871101206,5.369940497349859,74.10130764331791,1,74.05773647970678
50.654722829416684,3.605169166862593,58.547491173768805,71.89432916120387,8.778247336332447,59.21680592603313,1,79.53673468691645
83.17686860083553,4.0245381806093725,80.25589840082137,41.95954364706975,8.768163039148448,40.101843058123706,3,83.34684383025788
58.90179834348757,4.075834927861165,90.10558592872451,68.5357715093205,5.761635271262696,36.549158483863486,2,79.6636288663656
98.05351587347275,5.290577077461679,92.0557156701529,64.46488630016394,4.21550054474162,31.16700854197432,3,84.12101561731563
57.43313638765565,7.601530864212953,69.62735516229924,49.67312871850736,4.895474696640908,91.14739849716503,2,93.66628683106784
70.73120618635119,2.6848489828275346,56.42726955803017,79.38457621003941,5.961088967167701,46.55324385670862,1,69.98612229269293
54.26748340393219,1.8505096341064264,82.25294515152675,98.26905444209714,8.73889848984615,44.805472449723766,1,80.5382042435811
99.84371259229736,2.382293429019561,50.060082995738014,73.73132866387151,4.705995317685924,81.52247802982458,3,60.06098057883934
75.10975051656213,7.208474301464887,68.84444173001106,82.88519658663675,7.817579218341061,52.401127916117424,1,100.0
79.76925086600218,5.520675688586442,56.51470769149239,44.107027153961006,4.54341269687346,65.42312846882857,0,80.84107576186919
53.353823869421376,3.001347524674121,74.39786442247257,65.06001974901969,8.906287886956385,41.37577457082194,1,81.66594682888015
87.49802351995889,6.711628572780321,49.42393477361041,46.981509109869755,5.908082495545675,97.18220050233785,0,96.3358014514494
60.49527965477929,7.029589974544052,46.49557674408955,76.76775013219063,7.87617269449528,89.61069800120661,1,95.14382977339069
94.90271447203568,6.925600370831946,90.09434520052622,96.30892949284927,5.712955414055659,90.46527360755023,3,100.0
60.25698202410036,7.432485735476881,41.10822097697221,79.70666394829831,7.138344385794044,58.47416240004036,3,81.63107342050286
59.534386033183324,2.7656871412135313,65.3574744640959,44.608182898865294,4.960080423700184,83.3652849595021,0,75.16024210169762
51.827483392404744,6.285293501223948,48.251166977780535,61.27997229910497,4.730105096484813,40.07133087728461,3,75.9007646587494
73.60334725549995,4.22377648091898,37.335797799540046,73.03980276645109,8.690320697840656,30.60333018142462,1,76.61597655599299
78.24205666313082,6.893989870230431,37.161129097485585,64.19246536799514,8.588236389522168,31.39810528046197,1,92.9830632310347
53.285431971417616,6.099434740131293,45.51330632634964,90.01864062851034,8.437344701064411,71.06212161831922,3,81.58450505506458
88.77638083475053,6.435132125498073,87.00622127036002,88.88026028259935,7.127167250832967,61.87764336735586,1,100.0
72.66444173740138,5.593132863767501,51.9487246386216,76.7098612061933,8.041341056081391,66.26107442359638,2,86.42121303954244
76.219513466379,2.242001386287948,92.02755023451775,62.40747670796232,4.345184684556875,30.522419829205358,2,70.4707306684032
72.03813734691141,4.8151884322785685,69.89733757935161,55.32018242579465,5.673945209453396,59.588063376019804,1,80.87553498122921
70.0381530437663,7.892688176671557,61.196851386125964,46.35245909278776,5.568515623785781,80.26477128406026,3,90.55980871895002
77.9820165654109,7.561716465479832,69.80533008016727,61.29386100919324,7.178226609763066,60.988559137720515,0,100.0
57.76201229653562,1.3022161505790817,66.00190311357606,64.79035103246318,5.7797888673532025,81.25534444185556,3,55.27279865416362
59.09640652476355,2.15370371010606,80.5265752254395,80.54937550624442,4.742533908218404,46.31132750777844,0,74.50075836862133
93.08928105067587,1.9221014141819333,51.949763958371136,79.48958945785441,6.982335377067718,86.91994031372079,3,71.98398040030641
97.30577310668164,6.081859369897068,56.183023496018144,44.20648837847541,8.071919603345407,71.19018683174167,1,94.13359761903459
68.66546581398765,6.7244973089986155,88.64565815199504,63.715558925869466,5.910617472299866,44.75341696009343,2,97.2611319426637
63.53723365717769,2.4945795641747033,91.78739078902433,50.90673203304171,4.661343575492409,46.570433309768305,3,61.68009069544341
82.19997716195078,4.540968850662803,88.55349364918847,49.40876231900834,4.983440986564116,73.9621325198676,0,91.8891486198225
70.43670855490481,6.8849211960784,60.16687963743881,89.63812898423475,5.1874165258469205,88.09577152487103,2,89.68129901523045
51.26931778301724,6.129610813363755,81.82193018041289,42.514913002975455,5.4994879649726816,59.09394474204086,0,85.39185995744259
57.80762986830952,4.795660438442938,63.58014399806593,65.15097255412728,7.213975352531546,48.08103003893146,1,78.72977845615834
85.79861144236988,5.13243383321141,64.85239112876613,50.09221934599109,7.004727422688595,90.69081248374204,2,84.04379723808819
82.94619709550757,4.55852382841396,47.28080654343704,92.75981294070844,7.480399307835196,76.84878042255843,0,88.48176166701153
51.354799625174174,3.082839159231744,70.46781819551099,73.42243079650211,5.812509922657566,61.36598410981536,3,65.95803312348527
61.098608096647474,4.955153950013113,46.16815386520088,53.88283818261088,8.119988259399891,64.15301366955113,1,81.095104601096
61.55373982940357,5.822197114350635,54.89388194403163,70.14563722998258,5.020438305778802,44.29795275554775,1,78.91893847633605
83.59463717993643,7.113260411025654,86.3018120971961,83.88918158218695,6.3452037375907695,73.87618410453908,1,100.0
50.98552688771821,5.454039477854737,47.424548552651316,97.48708053516603,8.004693607707152,55.1119757380022,3,82.25851774158764
55.205429099228695,6.327850759302106,39.269497110405965,53.226760254725136,4.900793238663097,99.69516236720445,3,70.70503510088835
89.99580426865947,2.120501444682011,39.14045555676898,93.1709063277607,4.549315568703915,63.612846068332146,2,63.6031951562639
58.927233102716684,4.2309023209385295,91.44707123018648,96.05824685004941,8.418419838439949,64.01199243327292,3,90.36046506282868
82.63730539259373,1.0653213387896532,65.41522627771008,94.98523267192397,5.71464831379598,69.60962511874703,2,68.71551095124364
61.90913905233633,2.7267520516513613,59.5647243090211,78.12486141171459,7.41935062454516,94.17292021831227,1,80.14226648667356
54.97206963796726,6.085232005791034,83.6527148604751,77.78923926608246,4.126743021319692,86.05726699018251,2,90.48099647643943
62.1586095499727,7.942669659445544,85.14955567463096,64.19263799102936,7.450234442047249,61.5791048858489,0,100.0
86.11334659278296,1.6942466971105112,54.93146198693628,85.14387293822728,5.580506557734853,80.30894861809571,1,77.67251684017837
92.78482340531428,3.8104602110290178,76.6170834484277,71.87764110105591,4.278704267937209,71.03648491465331,1,84.6200943532491
91.51099322834958,6.600496780894116,81.2673689511132,80.64628427369766,7.049063807740585,64.46569340908742,2,100.0
69.85917648092274,2.428249442402292,74.27904121195726,65.70747423092773,5.204019080365866,43.46210409490453,1,72.89894084581124
83.40425682853231,4.8855946451160035,44.095704488005964,83.88978784258833,5.9340362102594,62.47553844184237,3,76.78498321656977
60.24921477079105,6.131499072207724,87.55298501102342,89.46829105627295,4.402904061432568,47.20730109158022,0,97.11770028778594
64.65738651305067,5.311898151821254,67.34567316416053,48.78617539616897,4.7358162554747265,94.03895048961583,2,87.364675876103
94.81679092605599,2.316173142307913,51.94834558220022,89.97578293445369,5.489886177479219,53.47847694474429,2,69.1273507762466
50.6500961755368,3.487691980800176,60.513691126261634,72.41779190741843,4.448797502800786,96.65848101733606,1,71.19541568838248
54.2754265427234,6.48654249139778,37.25426542393444,90.67995454541347,8.554131323431577,67.31387030662978,3,83.25545578808945
60.394312757301364,4.879585598924116,42.672008073345054,65.87810238046087,4.030235215919892,74.20810650733122,1,74.85593721446952
51.32661019369099,1.036607294800389,80.93280503095164,62.7424291229821,6.419301094321558,68.00583111425294,1,61.25914759997016
59.071771754489866,6.326935320196657,35.00069808532197,94.90364395103335,4.616237290662757,39.05664318766906,2,69.42625819579575
79.15207804848461,1.2471794845816735,59.993949708937535,55.07015605290408,5.5383954473897425,56.30748533055586,1,60.271214969196784
71.0712275296249,6.220136479118625,66.35061086513531,90.65273951716858,8.630297799091327,36.940227859433676,0,94.87087159558214
94.63358555384875,2.417363921156662,38.278065200058336,69.04123435056425,4.808472766369935,73.60678309283672,1,65.55627122860183
90.87217808692205,7.706514360835661,93.38468977833998,70.84572655307558,8.829161598591664,61.281193664030724,1,100.0
67.0908675848938,3.5755852591145914,48.56751987498032,58.50809688936904,5.028971884947109,84.45894800996558,2,64.47416228868516
62.971171671564626,3.2885213143665535,53.25192317817685,74.38253203714095,7.707830542334148,45.43293366995589,1,68.84827238648974
68.98462040836334,2.0422163523271126,53.23655073530164,59.512671776572674,6.733386324486559,41.51962409005344,3,57.73261837350914
79.51474712574039,3.1392295084315043,48.824999727040996,42.35616485449914,8.422393637983795,58.443256167463744,2,71.87676496015224
63.403182041143815,7.136555332797404,35.08842932517869,56.31991632066136,6.769966277515655,94.86097682528668,1,82.27903923987873
81.2074453924567,7.9743403633907315,78.76068764527977,40.38274260439544,6.6727960957815435,79.72952705086882,0,100.0
70.47058260956203,3.5781667135479385,93.01072998795712,98.7012872234114,4.977290001841999,59.324653735504306,0,93.03232615800034
77.602359042599,4.140274416681798,48.4576089971027,97.94483258918484,4.831146810258294,66.20905188280173,2,78.59630559470398
71.80632645676583,6.054496567419159,74.78283150820535,63.7093178483383,8.58244575557757,35.894910782396884,2,95.03481849217118
64.72328797709588,7.2033704632555215,79.51377961752291,83.70225126037876,5.63919099425017,98.92031274632792,1,100.0
97.42266534810784,5.151310339307489,85.90552274543148,60.7483659046255,5.86041127481448,76.64851132864433,3,89.44239401211851
88.18028970798804,3.7406798872448053,60.357751820816546,80.26558942515857,7.799118292141942,49.978284792439574,1,84.4114011416018
57.00565878832263,3.888352885940366,53.17585433842575,88.32580258275874,5.6941174121140365,71.0065875950671,0,77.28410116029859
93.42339879489563,5.869327025477648,54.517708041381866,96.80537468153445,8.760312233195013,37.66376562482958,3,91.2003650641525
74.37155991247567,1.0225278452299507,77.75727998591077,64.01273655098032,7.689638844994001,97.60856681653085,3,73.6548001256152
94.72761134470457,5.337125362218885,84.00676799033816,86.99787897736286,6.9871462128671,42.234949151835615,3,89.04560521286699
89.99276279736577,3.488451073089502,45.89683806539616,55.95570703792713,8.404475802723763,75.36212226386499,1,76.36523021556587
71.26067522346167,6.5593813189395895,57.25646048946591,99.4199382276189,4.248029541747414,47.18181237772513,0,96.48475365115392
51.12346541600587,1.6509344787619251,89.116411804949,41.54617592586107,5.2853134609460435,80.22929678539751,2,67.09988152851275
63.4338679692473,5.117415868638734,83.40161118168436,76.21172839006726,6.32518167110455,84.37749570681967,1,91.72481352249837
77.08171073304334,4.366810229202866,94.09150416574855,79.57035889907962,5.134892697357605,77.13938102380028,2,91.9603278776669
81.67391099130737,5.496278681336592,80.25489558092485,81.28273342444773,7.71952593651076,73.01496221786348,3,94.849249915173
62.894384271660115,1.4539751613807783,58.59171206167534,47.22325472734534,8.596040155268625,92.47283657664082,3,66.44994228404461
56.96780370364121,5.059886511996919,70.43827003967826,96.31178700838782,6.118850599654617,35.503869769283064,1,85.28285932159234
91.74651183996495,4.930392115716666,74.66085525483922,50.870996743004966,5.7106630005594745,53.164033604613664,0,92.84479473767689
99.22010903517761,4.924620660913197,39.70734897902744,77.36520419439046,8.807753660687831,47.380123574159214,3,89.26366584473774
76.28450911513428,5.224413666175184,67.66981754623191,53.3605647473851,6.224262164137704,99.1609773445795,2,87.84291965775587
58.583964292415175,5.735275560584536,77.55924970835657,58.43298502127625,6.445242002246416,57.257284576681144,2,85.1900902866496
63.61536632596845,6.634922997765388,45.039278240063624,72.78751250368745,5.758249361709527,81.28288894682791,1,89.13972717535762
50.919533827373336,2.8887450408975006,81.83790304553344,65.03160511387459,8.547742365060692,77.93076147167032,2,76.72646195338015
95.71494032802495,6.775345871260434,70.0263668308467,49.61353605859038,6.844777416409254,44.84568662341644,0,100.0
55.88755414450706,4.487789775844176,92.13330714185568,50.2561841452509,7.810872935908224,46.72983761480859,3,80.62982221885188
78.82582377571268,1.539407953940318,37.5453378924135,65.08868728976798,8.059033591754432,49.68991944871239,2,58.75736815373694
63.7027610343603,1.4098565047078544,50.919568253328016,85.43697869653005,5.709245209586291,58.77890947815655,2,56.670566362817375
77.70890012578967,3.3396682308724257,71.09323275798944,93.87787881086732,6.1684716566019,46.40275459553688,3,78.9186521761238
82.57101941759322,6.494278839780273,52.79359473235584,45.04765973556297,8.242358872031323,31.375603792279346,1,90.804665824235
91.48709018536007,5.95376654318641,77.86544984427454,63.58623445356406,5.816276758379051,91.55751397650369,2,94.26006267448723
60.32106358803016,6.520304752706845,80.54031695131586,46.014733823372595,7.969675667259256,97.59268819666188,1,100.0
50.549791432924025,4.6208833950912656,41.150957843988465,40.99554883795587,8.704961612872186,53.909927092209756,1,66.98424297125784
56.844281503440364,4.081392985688434,65.83126785240606,79.7031209586374,7.116051865340035,53.695481559783104,2,77.63723334052551
95.00093209240526,2.0321676869439877,65.53343333546336,76.14696651799527,7.708136437259444,30.496426894205968,0,80.06728445170886
93.69450387812577,3.297349275265181,57.156846212932464,49.78114682889317,8.025486560205675,77.61754818312619,1,85.77459040756642
79.87065510851542,4.038135563217127,90.97549175418033,54.02876998558385,8.225198244483213,87.78079270240401,2,88.47779121290115
80.02584302168268,1.6202030077573206,84.65037919239327,41.4224652186711,5.97526668928398,40.26258102520022,1,64.8564007783228
83.25183372731277,2.544283668978479,76.8325629145782,90.09683234166422,4.256317295879991,41.176644455700554,3,66.88009397053295
58.76856393117248,5.187577058446172,77.85959814409986,98.4814357629131,6.009381356183697,85.30582749800064,0,92.36133284735496
95.72059729624799,6.149641799674329,62.70296862878715,48.127572207681446,7.368781148920449,73.14035238479013,0,100.0
70.93852624460365,7.988432579750647,90.25967126579455,53.888512825917886,6.251751928903964,33.14023903394019,3,100.0
69.15692641247487,7.531793319404904,76.67572563519713,92.10457143681604,7.744815754301992,73.57828933235972,3,100.0
75.94588526414188,5.497956396746341,78.738863699349,95.5878278773711,5.784912147343319,51.624240599063626,1,98.0349255196189
52.348298338752755,3.948736373058504,86.70145422724072,65.17764296840862,7.1737207055201475,55.810760882959215,3,77.33081688755348
58.31416843780397,5.453241552957629,51.444295360531456,43.03734833614445,4.932099024269873,83.88119928078162,0,78.78491534444566
86.90168082131852,6.499561326561624,83.42425423200217,42.36351002156916,7.7468471832247845,86.76546348708274,3,95.43107342790442
54.139933396256325,1.8283533364637112,46.71443617738952,74.43699196414062,6.728479844065129,58.02496387878814,2,57.477916111284145
80.1576054733194,3.8693342278740177,55.72051713469327,63.57370653359074,5.020321942733003,96.30070552044484,2,70.65771312306397
62.26745548406605,6.878615999449321,55.136627256190565,41.71914565465927,5.459555867489036,58.45239025664506,1,84.20254617058048
69.46478070209884,3.686830663531308,93.71152810334843,74.99514353875341,7.743043542909161,84.02852246610769,0,95.4577770216808
64.43468683853499,5.003105898590306,86.39223342487561,40.67815219534135,6.4130061783076036,63.87140851949813,2,85.37109509822105
67.78363582324747,5.114385526035387,77.07019169541559,87.24231748895639,5.080157201965362,92.82726285654589,3,86.05967110569571
85.95229525921228,2.2913337719354754,78.62340569692341,58.385969362202296,8.836355951851488,93.54328705551251,2,81.53097452947415
64.85608578115875,3.535648091566019,68.72436766415427,42.41548018055393,7.57562509908444,36.11917655097587,2,67.77867870363478
78.32023201484486,3.341579021193525,91.82544002651115,75.3011332589892,8.785674162698982,95.5545331917158,1,95.55800486077314
73.80252010995498,1.1833769597244537,64.77552517294168,63.86106486598328,6.135525226801716,87.78743890642909,3,63.9537121390881
83.1835582681324,1.1693423472394868,57.831062592193675,98.42802480142896,6.375501703458602,85.39175000188668,3,63.45710732155065
96.84148696623791,6.821879305730414,44.78212021589546,72.65191975022213,8.489776080925097,44.063793777986575,3,90.45847074989268
86.62860486051252,2.9114956698096868,82.17233913566348,56.514350862220496,6.625246701226923,86.35834461282654,1,84.597510409508
60.74701892953784,4.626551363671708,79.06663592453549,82.56633187803848,7.536394559528336,89.50929142795258,3,84.25662507432968
51.55915675306424,3.0910790151214114,58.06130231144809,56.28952015256268,5.26086438747765,50.24052341179056,3,56.411257343949075
63.113202214991254,7.584754715807383,36.51160483755376,94.25459748445391,6.233632343513203,96.65820548536266,2,92.4630028778307
79.75389653501274,2.8150773120604162,85.33983966308065,62.483318230442585,4.617249329051775,33.4902102479415,2,68.18387212881505
52.57129067421252,4.007597689172545,35.68507900724442,72.99211376657232,5.029900179384809,40.49364772729977,3,58.36552362511217
74.81831236006181,7.109111753392213,77.22198677774306,43.03438622945373,4.004717076338156,67.630679663606,0,92.21741420477369
79.84214244584446,6.89353496754266,93.21542658356341,65.56727427713385,4.196325258243301,70.30547297856168,0,100.0
66.71219454084805,2.302709924923941,61.259679688892206,89.9418123796597,8.886419115884646,75.16050583106323,3,80.02753634744644
88.54561018729109,6.618503168569973,49.09840429975716,88.33892832180052,5.211768475683812,31.18783905208265,0,89.74204886997573
55.32991265668859,4.207308207165249,77.29226060260291,53.45911353121157,7.31655354752001,97.22567422354912,1,86.26736688214554
53.75688908679044,4.380782104597486,84.0276885209351,53.56474426063376,8.195498493998057,33.12116649139008,2,77.4211944582102
86.40943781018017,1.9343598069116066,67.78581896467084,89.03831873279421,6.753302296182821,40.01433669063817,1,78.27608087873728
74.77456581030992,1.5642105962998727,93.02211651536877,95.82390521015952,4.7657225004197805,30.98101622682399,2,67.88995827596221
84.4201198213868,6.095575148816357,38.100123299477666,45.72165527638021,7.640582186680832,69.68009033058664,0,89.34111867136295
71.74136693018731,4.475228066487098,65.28773589827169,67.00351836557351,7.001257050497915,95.25868187446805,0,87.27067763056506
62.32010166195534,4.057954918306256,78.107236839353,60.24725673785374,7.656252946736876,76.6163016256325,3,78.57623677514822
90.95511588371,6.106557600566777,86.75842826895074,92.24130732744635,7.8487331142854355,87.58602279362991,0,100.0
89.97079394844897,6.358590292937768,45.755336714467404,45.01149488080112,8.877051838423725,30.929684242100606,0,93.57955901458378
84.73482354272133,2.112357173685475,83.00020890582088,52.66755655348224,6.86781640013355,67.94107089358081,3,69.32774555804667
63.607256861498136,5.271576046343489,68.1624245431127,85.14810025518966,5.708205563453009,62.169408425386536,3,82.58951875266948
79.51153334345435,1.9474785759437987,58.7932209193978,43.077630938872936,7.2423227845011855,64.92775609545552,2,63.68443755882106
68.04869484700134,6.25962560220332,42.90290171474561,69.55212284285736,4.34220354621313,35.05492297346316,0,80.05803819564515
54.579103666331704,5.5986860938699765,86.91774553453475,66.52642208078319,8.48698659160793,77.91047527485152,2,94.17182660799553
95.86567877311214,7.696302347584206,44.43639249078292,60.06407073932492,4.596905056690984,65.22542904010442,2,87.42605485309294
56.84093154594807,1.4827061144949483,53.58727155254596,63.67433891913542,5.639214189429091,83.56041949028848,1,61.67462085380815
97.51186769104012,1.3993830480587803,52.40273191774621,71.79643521581397,8.078726903130605,63.97034438432007,0,80.13506557395432
72.30028864789779,2.975309522852401,87.28484205145125,49.68204150330298,6.986561891653559,40.456714535850246,0,78.65887506416638
